area,auv_count,method,run_index,bagfile,w1,w2,w3,realization,transmitted_data,priority_objects,regular_objects,travelled_distance,regular_latency,regular_std,priority_latency,priority_std,regular_latency_normalized,priority_latency_normalized,regular_std_normalized,priority_std_normalized,travelled_distance_normalized,priority_objects_normalized,regular_objects_normalized,transmitted_data_normalized,priority,regular,distance,utility,utility_baseline,utility_a0.8_b0.4_g0.8,utility_a0.8_b0.4_g1.0,utility_a0.8_b0.4_g1.2,utility_a0.8_b0.5_g0.8,utility_a0.8_b0.5_g1.0,utility_a0.8_b0.5_g1.2,utility_a0.8_b0.6_g0.8,utility_a0.8_b0.6_g1.0,utility_a0.8_b0.6_g1.2,utility_a1.0_b0.4_g0.8,utility_a1.0_b0.4_g1.0,utility_a1.0_b0.4_g1.2,utility_a1.0_b0.5_g0.8,utility_a1.0_b0.5_g1.0,utility_a1.0_b0.5_g1.2,utility_a1.0_b0.6_g0.8,utility_a1.0_b0.6_g1.0,utility_a1.0_b0.6_g1.2,utility_a1.2_b0.4_g0.8,utility_a1.2_b0.4_g1.0,utility_a1.2_b0.4_g1.2,utility_a1.2_b0.5_g0.8,utility_a1.2_b0.5_g1.0,utility_a1.2_b0.5_g1.2,utility_a1.2_b0.6_g0.8,utility_a1.2_b0.6_g1.0,utility_a1.2_b0.6_g1.2
10000,3,owa,0,results_0.bag,4.0,4.0,2.0,0,570.0,9.0,10.0,571.725895832591,104.0,72.75377042539522,85.33333333333333,65.19969325081216,0.0,0.4999999999999985,0.7712877695342927,0.03737163656950838,0.25950430444247286,1.0,1.0,1.0,0.3687992181354043,0.3162006017111904,0.7714338873940453,1.2983334063850447,1.2983334063850447,1.038666725108036,1.192953502586845,1.347240280065654,1.0702867852791549,1.224573562757964,1.378860340236773,1.1019068454502738,1.256193622929083,1.410480400407892,1.1124265687351167,1.2667133462139257,1.4210001236927348,1.1440466289062359,1.2983334063850447,1.452620183863854,1.1756666890773548,1.3299534665561636,1.484240244034973,1.1861864123621975,1.3404731898410067,1.4947599673198155,1.2178064725333164,1.3720932500121257,1.5263800274909345,1.2494265327044356,1.4037133101832446,1.5580000876620537
10000,3,owa,1,results_1.bag,6.0,2.0,2.0,0,570.0,9.0,10.0,566.3958509962729,108.7,69.04756814448041,83.0,66.51127723927725,1.0,0.0,0.0,0.7471801639733643,0.0,1.0,1.0,1.0,0.3214360391700473,0.2689414213699951,1.0,1.4559067498550449,1.4559067498550449,1.164725399884036,1.364725399884036,1.5647253998840358,1.1916195420210354,1.3916195420210355,1.5916195420210353,1.2185136841580348,1.418513684158035,1.6185136841580348,1.2290126077180454,1.4290126077180454,1.6290126077180453,1.255906749855045,1.4559067498550449,1.6559067498550448,1.2828008919920444,1.4828008919920443,1.6828008919920443,1.293299815552055,1.4932998155520547,1.6932998155520549,1.3201939576890545,1.5201939576890542,1.7201939576890544,1.347088099826054,1.5470880998260537,1.7470880998260538
10000,3,owa,2,results_2.bag,6.0,4.0,0.0,0,570.0,9.0,10.0,586.9351821174633,105.4,73.3427266711264,87.66666666666667,65.13063795173512,0.29787234042553296,1.0,0.8938538667660848,0.0,1.0,1.0,1.0,1.0,0.2689414213699951,0.23295034715453006,0.36787944117144233,0.7532960361187024,0.7532960361187024,0.602636828894962,0.6762127171292505,0.749788605363539,0.625931863610415,0.6995077518447035,0.773083640078992,0.649226898325868,0.7228027865601565,0.7963786747944449,0.656425113168961,0.7300010014032494,0.8035768896375379,0.6797201478844139,0.7532960361187024,0.826871924352991,0.703015182599867,0.7765910708341555,0.850166959068444,0.7102133974429601,0.7837892856772485,0.8573651739115369,0.7335084321584131,0.8070843203927015,0.8806602086269899,0.756803466873866,0.8303793551081544,0.9039552433424429
10000,3,owa,3,results_3.bag,8.0,2.0,0.0,0,570.0,9.0,10.0,568.2550102034941,108.6,69.3096113264403,83.11111111111111,66.97843765803373,0.9787234042553173,0.02380952380952446,0.054533100466828764,1.0,0.09051702785506414,1.0,1.0,1.0,0.264286016011228,0.2624532500736625,0.9134587795248196,1.3089714205728789,1.3089714205728789,1.0471771364583031,1.229868892363267,1.4125606482682307,1.0734224614656693,1.2561142173706332,1.438805973275597,1.0996677864730355,1.2823595423779994,1.465051298282963,1.1000343396605485,1.2827260955655126,1.4654178514704763,1.126279664667915,1.3089714205728789,1.4916631764778425,1.1525249896752812,1.335216745580245,1.5179085014852087,1.1528915428627942,1.335583298767758,1.518275054672722,1.1791368678701604,1.3618286237751245,1.5445203796800882,1.2053821928775266,1.3880739487824907,1.5707657046874544
10000,3,owa,4,results_4.bag,10.0,0.0,0.0,0,570.0,9.0,10.0,580.5139638165587,105.7,73.85278148677499,87.44444444444444,65.51356941716561,0.3617021276595749,0.9523809523809511,1.0,0.2072364575690688,0.6873696488450929,1.0,1.0,1.0,0.23873681071383504,0.20396380120475327,0.502897126919951,0.8436158382361627,0.8436158382361627,0.6748926705889302,0.7754720959729204,0.8760515213569107,0.6952890507094056,0.7958684760933957,0.896447901477386,0.7156854308298808,0.816264856213871,0.9168442815978612,0.7226400327316973,0.8232194581156874,0.9237988834996776,0.7430364128521725,0.8436158382361627,0.9441952636201529,0.7634327929726479,0.864012218356638,0.9645916437406282,0.7703873948744642,0.8709668202584544,0.9715462456424446,0.7907837749949396,0.8913632003789297,0.9919426257629199,0.8111801551154149,0.911759580499405,1.0123390058833952
10000,4,owa,0,results_0.bag,4.0,4.0,2.0,0,480.0,9.0,7.0,643.1291582703122,91.71428571428571,51.1980282358422,56.0,36.81372026839993,1.0,0.819672131147541,0.9077202486794332,0.36857249239531004,1.0,1.0,0.7777777777777778,0.9411764705882353,0.23357303044289132,0.10051781214149633,0.36787944117144233,0.6517113776850818,0.6517113776850818,0.5213691021480655,0.5949449903823539,0.6685208786166423,0.5314208833622152,0.6049967715965036,0.678572659830792,0.5414726645763648,0.6150485528106532,0.6886244410449417,0.5680837082366437,0.6416595964709322,0.7152354847052207,0.5781354894507933,0.6517113776850818,0.7252872659193703,0.5881872706649429,0.6617631588992314,0.7353390471335199,0.614798314325222,0.6883742025595105,0.7619500907937989,0.6248500955393717,0.6984259837736602,0.7720018720079486,0.6349018767535213,0.7084777649878098,0.7820536532220982
10000,4,owa,1,results_1.bag,6.0,2.0,2.0,0,480.0,8.0,8.0,621.9326493139915,81.125,48.35416217865841,49.75,41.97873611382656,0.6637474798387099,0.0,0.815859511023846,1.0,0.7288688567584971,0.8888888888888888,0.8888888888888888,0.9411764705882353,0.23905904121777344,0.16487714519120975,0.4824544066013083,0.8039520204146866,0.8039520204146866,0.6431616163317493,0.7396524976520109,0.8361433789722726,0.6596493308508703,0.7561402121711319,0.8526310934913937,0.6761370453699913,0.7726279266902529,0.8691188080105146,0.6909734245753041,0.7874643058955657,0.8839551872158273,0.707461139094425,0.8039520204146866,0.9004429017349482,0.7239488536135459,0.8204397349338075,0.9169306162540692,0.7387852328188587,0.8352761141391203,0.931766995459382,0.7552729473379797,0.8517638286582413,0.948254709978503,0.7717606618571007,0.8682515431773623,0.9647424244976239
10000,4,owa,2,results_2.bag,6.0,4.0,0.0,0,480.0,8.0,8.0,564.9510902589939,88.25,54.05486630663859,52.875,35.68688234391695,0.8899949596774195,0.4098360655737705,1.0,0.23081561353486146,0.0,0.8888888888888888,0.8888888888888888,0.9411764705882353,0.3067548811563259,0.1166622614523908,1.0,1.3650860118825212,1.3650860118825212,1.0920688095060171,1.2920688095060169,1.492068809506017,1.103735035651256,1.303735035651256,1.503735035651256,1.1154012617964952,1.3154012617964952,1.5154012617964951,1.1534197857372823,1.353419785737282,1.5534197857372822,1.1650860118825213,1.3650860118825212,1.5650860118825212,1.1767522380277604,1.3767522380277604,1.5767522380277603,1.2147707619685475,1.4147707619685472,1.6147707619685474,1.2264369881137864,1.4264369881137864,1.6264369881137863,1.2381032142590256,1.4381032142590255,1.6381032142590255
10000,4,owa,3,results_3.bag,8.0,2.0,0.0,0,510.0,8.0,9.0,600.1105025796702,60.22222222222222,23.096416268426676,57.375,38.48909864215729,0.0,1.0,0.0,0.5733889000299753,0.44973498597568384,0.8888888888888888,1.0,1.0,0.15265227890079774,0.5,0.6377971544173182,1.040449433318116,1.040449433318116,0.8323595466544927,0.9599189775379564,1.0874784084214202,0.8823595466544927,1.0099189775379565,1.13747840842142,0.9323595466544927,1.0599189775379565,1.18747840842142,0.8628900024346523,0.990449433318116,1.1180088642015797,0.9128900024346522,1.040449433318116,1.1680088642015796,0.9628900024346523,1.090449433318116,1.2180088642015796,0.8934204582148119,1.0209798890982755,1.1485393199817393,0.9434204582148118,1.0709798890982754,1.1985393199817391,0.9934204582148118,1.1209798890982756,1.2485393199817392
10000,4,owa,4,results_4.bag,10.0,0.0,0.0,0,480.0,9.0,7.0,610.9874424897496,91.0,50.59644256269407,53.111111111111114,33.798832984455416,0.977318548387097,0.4408014571949002,0.8882882140521959,0.0,0.5888653096938993,1.0,0.7777777777777778,0.9411764705882353,0.39155001462569683,0.10426179213691737,0.554956631520226,0.9986375422143815,0.9986375422143815,0.7989100337715053,0.9099013600755504,1.0208926863795957,0.809336212985197,0.9203275392892422,1.0313188655932874,0.8197623921988888,0.930753718502934,1.0417450448069792,0.8772200366966446,0.9882113630006898,1.099202689304735,0.8876462159103363,0.9986375422143815,1.1096288685184268,0.8980723951240281,1.0090637214280733,1.1200550477321185,0.955530039621784,1.066521365925829,1.1775126922298744,0.9659562188354757,1.0769475451395207,1.1879388714435661,0.9763823980491674,1.0873737243532124,1.1983650506572578
10000,5,owa,0,results_0.bag,4.0,4.0,2.0,0,540.0,10.0,8.0,435.2851974144189,179.25,107.32427498008082,54.4,18.142644668172156,0.25,0.028571428571428976,0.18968524651731236,0.4604977448149219,0.8635288442798221,1.0,1.0,1.0,0.3801128711216397,0.3918159712628246,0.4216714408917397,0.9976922976447917,0.9976922976447917,0.7981538381158335,0.8824881262941814,0.9668224144725293,0.8373354352421158,0.9216697234204638,1.0060040115988116,0.8765170323683984,0.9608513205467463,1.0451856087250941,0.8741764123401614,0.9585107005185093,1.0428449886968572,0.9133580094664437,0.9976922976447917,1.0820265858231397,0.9525396065927263,1.036873894771074,1.121208182949422,0.9501989865644893,1.034533274742837,1.118867562921185,0.9893805836907716,1.0737148718691196,1.1580491600474674,1.0285621808170542,1.1128964689954022,1.19723075717375
10000,5,owa,1,results_1.bag,6.0,2.0,2.0,0,540.0,10.0,8.0,445.4515509405071,183.375,108.114935534894,57.8,19.332183873875536,1.0,1.0,0.6549371682669496,1.0,1.0,1.0,1.0,1.0,0.11920292202211755,0.16044279312595358,0.36787944117144233,0.5673037597565367,0.5673037597565367,0.45384300780522935,0.5274188960395179,0.6009947842738063,0.4698872871178247,0.5434631753521132,0.6170390635864016,0.48593156643042007,0.5595074546647085,0.633083342898997,0.47768359220965284,0.5512594804439412,0.6248353686782298,0.49372787152224823,0.5673037597565367,0.6408796479908252,0.5097721508348436,0.583348039069132,0.6569239273034204,0.5015241766140763,0.5751000648483648,0.6486759530826532,0.5175684559266718,0.5911443441609602,0.6647202323952486,0.533612735239267,0.6071886234735555,0.680764511707844
10000,5,owa,2,results_2.bag,6.0,4.0,0.0,0,540.0,10.0,8.0,374.5721142219704,177.875,107.18800239365811,54.3,17.1273011430419,0.0,0.0,0.10949775982785996,0.0,0.04852820424238272,1.0,1.0,1.0,0.5,0.4726528783685702,0.9526304707062355,1.6889569098905206,1.6889569098905206,1.3511655279124164,1.5416916220536636,1.7322177161949108,1.3984308157492735,1.5889569098905207,1.7794830040317677,1.4456961035861307,1.6362221977273776,1.8267482918686246,1.4511655279124165,1.6416916220536635,1.8322177161949107,1.4984308157492734,1.6889569098905206,1.8794830040317678,1.5456961035861305,1.7362221977273777,1.9267482918686247,1.5511655279124166,1.7416916220536636,1.9322177161949106,1.5984308157492735,1.7889569098905205,1.9794830040317677,1.6456961035861304,1.8362221977273776,2.026748291868625
10000,5,owa,3,results_3.bag,8.0,2.0,0.0,0,540.0,10.0,8.0,423.3373761992413,180.375,107.00191920842221,55.6,18.57836256389555,0.45454545454545453,0.37142857142857266,0.0,0.6581127424881332,0.7031436122111961,1.0,1.0,1.0,0.2631730396943056,0.38828058859283865,0.49502668329927857,0.9523400172900035,0.9523400172900035,0.7618720138320029,0.8608773504918585,0.9598826871517142,0.8007000726912867,0.8997054093511424,0.9987107460109981,0.8395281315505706,0.9385334682104263,1.037538804870282,0.814506621770864,0.9135119584307196,1.0125172950905754,0.8533346806301478,0.9523400172900035,1.0513453539498592,0.8921627394894317,0.9911680761492874,1.090173412809143,0.8671412297097251,0.9661465663695807,1.0651519030294363,0.9059692885690089,1.0049746252288645,1.1039799618887203,0.9447973474282928,1.0438026840881485,1.1428080207480042
10000,5,owa,4,results_4.bag,10.0,0.0,0.0,0,540.0,10.0,8.0,370.95702883846377,182.625,108.70134379508444,57.4,18.727282534076082,0.8636363636363636,0.8857142857142861,1.0,0.7256537359831606,0.0,1.0,1.0,1.0,0.1663987683764708,0.1342797669093211,1.0,1.2335386518311313,1.2335386518311313,0.9868309214649051,1.186830921464905,1.386830921464905,1.0002588981558374,1.200258898155837,1.4002588981558373,1.0136868748467693,1.2136868748467693,1.4136868748467692,1.0201106751401994,1.2201106751401993,1.4201106751401993,1.0335386518311314,1.2335386518311313,1.4335386518311313,1.0469666285220636,1.2469666285220635,1.4469666285220635,1.0533904288154934,1.2533904288154933,1.4533904288154933,1.0668184055064256,1.2668184055064255,1.4668184055064255,1.0802463821973576,1.2802463821973578,1.4802463821973575
10000,6,owa,0,results_0.bag,4.0,4.0,2.0,0,420.0,9.0,5.0,327.23092820287985,65.0,50.665570163573605,83.88888888888889,67.23363080416757,0.0,0.09741248097412446,0.0,0.44407411710501,0.4875779487487171,1.0,0.8333333333333334,1.0,0.36784182947711985,0.4166666666666667,0.6141120050956453,1.1902871679060985,1.1902871679060985,0.9522297343248789,1.075052135344008,1.197874536363137,0.9938964009915454,1.1167188020106744,1.2395412030298036,1.0355630676582122,1.1583854686773414,1.2812078696964702,1.0257981002203027,1.148620501239432,1.2714429022585607,1.0674647668869695,1.1902871679060985,1.3131095689252277,1.1091314335536362,1.2319538345727652,1.3547762355918942,1.0993664661157267,1.222188867134856,1.3450112681539848,1.1410331327823935,1.2638555338015225,1.3866779348206515,1.18269979944906,1.305522200468189,1.4283446014873182
10000,6,owa,1,results_1.bag,6.0,2.0,2.0,0,420.0,8.0,6.0,324.14598557812633,96.0,68.18504234801061,85.75,117.25277943705338,0.49679487179487175,0.3013698630136986,0.21648289686633135,0.9934898797013424,0.302765105125736,0.8888888888888888,1.0,1.0,0.19113900876257328,0.3288749780875296,0.7387726098902764,1.0943491076966145,1.0943491076966145,0.8754792861572915,1.023233808135347,1.170988330113402,0.9083667839660445,1.0561213059441,1.203875827922155,0.9412542817747975,1.0890088037528527,1.236763325730908,0.9137070879098063,1.0614616098878615,1.209216131865917,0.9465945857185591,1.0943491076966145,1.2421036296746697,0.9794820835273121,1.1272366055053675,1.2749911274834227,0.9519348896623209,1.0996894116403761,1.2474439336184315,0.9848223874710738,1.1325769094491291,1.2803314314271843,1.0177098852798268,1.1654644072578821,1.3132189292359373
10000,6,owa,2,results_2.bag,6.0,4.0,0.0,0,420.0,8.0,6.0,335.78440639616787,90.16666666666667,52.65896568170198,92.125,115.8933469062951,0.4033119658119659,1.0,0.024631794372671587,0.9785577250965802,1.0,0.8888888888888888,1.0,1.0,0.10797570597290225,0.3946174493936338,0.36787944117144233,0.6731638718411614,0.6731638718411614,0.5385310974729292,0.6121069857072177,0.6856828739415062,0.5779928424122927,0.651568730646581,0.7251446188808695,0.6174545873516559,0.6910304755859444,0.7646063638202328,0.5601262386675097,0.6337021269017982,0.7072780151360866,0.599587983606873,0.6731638718411614,0.74673976007545,0.6390497285462364,0.7126256167805248,0.7862015050148132,0.5817213798620902,0.6552972680963786,0.728873156330667,0.6211831248014534,0.694759013035742,0.7683349012700305,0.6606448697408168,0.7342207579751052,0.8077966462093937
10000,6,owa,3,results_3.bag,8.0,2.0,0.0,0,420.0,8.0,6.0,328.32661691045803,96.33333333333333,67.90189000805992,86.125,117.84546478939514,0.502136752136752,0.3424657534246575,0.2129840677828012,1.0,0.5532185036648043,0.8888888888888888,1.0,1.0,0.18409320777751575,0.3284683151412785,0.5750958803420491,0.9234232456902041,0.9234232456902041,0.7387385965521633,0.8537577726205731,0.9687769486889829,0.771585428066291,0.8866046041347009,1.0016237802031107,0.804432259580419,0.9194514356488288,1.0344706117172386,0.7755572381076665,0.8905764141760762,1.0055955902444862,0.8084040696217942,0.9234232456902041,1.038442421758614,0.8412509011359222,0.9562700772043319,1.0712892532727416,0.8123758796631696,0.9273950557315793,1.0424142317999892,0.8452227111772974,0.9602418872457072,1.075261063314117,0.8780695426914253,0.9930887187598351,1.1081078948282448
10000,6,owa,4,results_4.bag,10.0,0.0,0.0,0,420.0,9.0,5.0,319.09215403817257,127.4,131.59331290001023,83.0,26.80485030736042,1.0,0.0,1.0,0.0,0.0,1.0,0.8333333333333334,1.0,0.5,0.09933576835176464,1.0,1.5496678841758822,1.5496678841758822,1.2397343073407059,1.4397343073407058,1.6397343073407058,1.2496678841758824,1.4496678841758823,1.6496678841758823,1.2596014610110589,1.4596014610110588,1.6596014610110588,1.3397343073407058,1.539734307340706,1.7397343073407057,1.3496678841758825,1.5496678841758822,1.7496678841758824,1.3596014610110587,1.559601461011059,1.7596014610110586,1.4397343073407058,1.6397343073407058,1.8397343073407058,1.4496678841758823,1.6496678841758823,1.8496678841758822,1.4596014610110588,1.6596014610110588,1.8596014610110587
20000,3,owa,0,results_0.bag,4.0,4.0,2.0,0,1170.0,19.0,20.0,1647.9921529562503,127.5,64.99352194439722,98.0,93.70224709744751,0.93939393939394,0.13333333333333244,0.2513850005028717,0.5836112975303669,0.10014119877880323,1.0,1.0,1.0,0.3280661505367215,0.23311965193721595,0.9047096651170078,1.3493356416223372,1.3493356416223372,1.0794685132978699,1.2604104463212713,1.441352379344673,1.1027804784915913,1.283722411514993,1.4646643445383947,1.126092443685313,1.3070343767087147,1.4879763097321161,1.145081743405214,1.3260236764286157,1.5069656094520172,1.1683937085989358,1.3493356416223372,1.5302775746457389,1.1917056737926572,1.372647606816059,1.5535895398394604,1.2106949735125583,1.39163690653596,1.5725788395593616,1.23400693870628,1.4149488717296816,1.595890804753083,1.2573189039000017,1.4382608369234031,1.6192027699468046
20000,3,owa,1,results_1.bag,6.0,2.0,2.0,0,1170.0,19.0,20.0,1642.356714826924,125.4,66.43429678617576,100.73684210526316,93.8242103944411,0.5151515151515171,1.0,1.0,0.745349940507782,0.0,1.0,1.0,1.0,0.14863466682623408,0.1801765933576695,1.0,1.2387229635050687,1.2387229635050687,0.9909783708040552,1.190978370804055,1.390978370804055,1.008996030139822,1.208996030139822,1.4089960301398219,1.027013689475589,1.227013689475589,1.427013689475589,1.020705304169302,1.220705304169302,1.4207053041693019,1.038722963505069,1.2387229635050687,1.438722963505069,1.0567406228408358,1.2567406228408358,1.4567406228408357,1.0504322375345487,1.2504322375345487,1.4504322375345486,1.0684498968703156,1.2684498968703157,1.4684498968703155,1.0864675562060826,1.2864675562060826,1.4864675562060825
20000,3,owa,2,results_2.bag,6.0,4.0,0.0,0,1170.0,19.0,20.0,1698.6316366178457,127.8,64.88743289242086,98.94736842105263,94.0162359998471,1.0,0.4333333333333315,0.19626198385310106,1.0,1.0,1.0,1.0,1.0,0.19257984354865185,0.2321408561532804,0.36787944117144233,0.6765297127967344,0.6765297127967344,0.5412237702373875,0.614799658471676,0.6883755467059645,0.5644378558527156,0.638013744087004,0.7115896323212925,0.5876519414680437,0.6612278297023321,0.7348037179366205,0.5797397389471179,0.6533156271814063,0.7268915154156947,0.602953824562446,0.6765297127967344,0.7501056010310228,0.626167910177774,0.6997437984120625,0.7733196866463509,0.6182557076568482,0.6918315958911367,0.7654074841254253,0.6414697932721762,0.7150456815064647,0.7886215697407533,0.6646838788875042,0.7382597671217928,0.8118356553560813
20000,3,owa,3,results_3.bag,8.0,2.0,0.0,0,1170.0,19.0,20.0,1645.9792288610279,122.85,65.94118192513848,98.05263157894737,93.26215957909578,0.0,0.14999999999999955,0.7437814912205462,0.0,0.06437172933909427,1.0,1.0,1.0,0.46257015465625057,0.32217778981806583,0.9376563803521897,1.5613154299174732,1.5613154299174732,1.2490523439339787,1.4365836200044164,1.6241148960748544,1.2812701229157852,1.4688013989862232,1.656332675056661,1.3134879018975918,1.5010191779680295,1.6885504540384675,1.3415663748652287,1.5290976509356664,1.7166289270061044,1.3737841538470352,1.5613154299174732,1.7488467059879111,1.406001932828842,1.5935332088992797,1.7810644849697175,1.4340804057964789,1.6216116818669166,1.8091429579373544,1.4662981847782852,1.6538294608487232,1.8413607369191611,1.498515963760092,1.68604723983053,1.8735785159009677
20000,3,owa,4,results_4.bag,10.0,0.0,0.0,0,1170.0,19.0,20.0,1649.4557364665013,126.85,64.50970959149443,97.57894736842105,93.65736358870011,0.8080808080808076,0.0,0.0,0.524090130295507,0.12614893834863697,1.0,1.0,1.0,0.37189632288211,0.3082996145772483,0.8814835503017856,1.40752968047252,1.40752968047252,1.126023744378016,1.302320454438373,1.47861716449873,1.1568537058357407,1.3331504158960978,1.5094471259564548,1.1876836672934656,1.3639803773538226,1.5402770874141796,1.2004030089544377,1.376699719014795,1.5529964290751521,1.2312329704121627,1.40752968047252,1.5838263905328769,1.2620629318698875,1.4383596419302447,1.6146563519906016,1.2747822735308598,1.4510789835912168,1.627375693651574,1.3056122349885846,1.4819089450489416,1.6582056551092987,1.3364421964463093,1.5127389065066665,1.6890356165670237
20000,4,owa,0,results_0.bag,4.0,4.0,2.0,0,1110.0,19.0,18.0,1329.9730379018702,228.72222222222223,172.93072586360245,187.78947368421052,148.24176160259609,0.39440237076061907,0.2908736918958382,1.0,0.41152874479899704,0.0,0.95,0.9473684210526315,0.9736842105263158,0.3147158024775655,0.18824766952209715,1.0,1.408839637238614,1.408839637238614,1.1270717097908913,1.3270717097908913,1.5270717097908912,1.145896476743101,1.345896476743101,1.545896476743101,1.1647212436953107,1.3647212436953107,1.5647212436953106,1.1900148702864044,1.3900148702864044,1.5900148702864043,1.208839637238614,1.408839637238614,1.608839637238614,1.2276644041908238,1.4276644041908237,1.6276644041908237,1.2529580307819175,1.4529580307819174,1.6529580307819174,1.2717827977341272,1.4717827977341271,1.671782797734127,1.2906075646863369,1.4906075646863368,1.6906075646863368
20000,4,owa,1,results_1.bag,6.0,2.0,2.0,0,1140.0,20.0,18.0,1340.812644930025,255.61111111111111,147.9638822737371,195.35,166.02132868685084,1.0,0.41672913117546834,0.0,0.9624067383085625,0.06849164886417719,1.0,0.9473684210526315,1.0,0.20114781875546098,0.25478660971894274,0.9338012583721007,1.262342381987033,1.262342381987033,1.0098739055896264,1.1966341572640466,1.3833944089384667,1.0353525665615209,1.2221128182359409,1.4088730699103609,1.060831227533415,1.247591479207835,1.434351730882255,1.0501034693407187,1.2368637210151388,1.4236239726895588,1.075582130312613,1.262342381987033,1.449102633661453,1.1010607912845072,1.2878210429589272,1.4745812946333472,1.0903330330918108,1.2770932847662309,1.4638535364406509,1.115811694063705,1.3025719457381253,1.4893321974125453,1.1412903550355993,1.3280506067100195,1.5148108583844395
20000,4,owa,2,results_2.bag,6.0,4.0,0.0,0,1110.0,19.0,18.0,1488.2347706519524,248.61111111111111,157.6273113424376,170.31578947368422,134.9596864217768,0.842344418834376,0.0,0.38705049094083754,0.0,1.0,0.95,0.9473684210526315,0.9736842105263158,0.475,0.21437748778594407,0.36787944117144233,0.9500681850644144,0.9500681850644144,0.7600545480515315,0.83363043628582,0.9072063245201084,0.7814922968301259,0.8550681850644144,0.9286440732987029,0.8029300456087203,0.8765059338430088,0.9500818220772973,0.8550545480515315,0.92863043628582,1.0022063245201085,0.8764922968301259,0.9500681850644144,1.0236440732987029,0.8979300456087203,0.9715059338430088,1.0450818220772973,0.9500545480515314,1.02363043628582,1.0972063245201085,0.9714922968301258,1.0450681850644143,1.1186440732987029,0.9929300456087202,1.0665059338430087,1.1400818220772972
20000,4,owa,3,results_3.bag,8.0,2.0,0.0,0,1140.0,19.0,19.0,1342.4269901312161,211.21052631578948,166.40532141176269,180.3684210526316,146.59286420647257,0.0,0.1673399853979071,0.7386371878226294,0.3604396893245204,0.07869212609350451,0.95,1.0,1.0,0.3524831477455507,0.3233022251168868,0.9243244560240604,1.4384587163280544,1.4384587163280544,1.1507669730624435,1.3356318642672558,1.5204967554720676,1.1830971955741323,1.3679620867789444,1.5528269779837565,1.215427418085821,1.400292309290633,1.5851572004954453,1.2212636026115538,1.4061284938163658,1.590993385021178,1.2535938251232424,1.4384587163280544,1.6233236075328665,1.2859240476349312,1.470788938839743,1.6556538300445554,1.2917602321606638,1.476625123365476,1.661490014570288,1.3240904546723526,1.5089553458771645,1.6938202370819768,1.3564206771840412,1.5412855683888533,1.7261504595936654
20000,4,owa,4,results_4.bag,10.0,0.0,0.0,0,1080.0,18.0,18.0,1403.941929154309,226.55555555555554,165.81961220208447,230.38888888888889,167.23464983242906,0.34560421468554453,1.0,0.7151777061476624,1.0,0.4673833021229854,0.9,0.9473684210526315,0.9473684210526315,0.1072826298199058,0.24362531712780786,0.6266398519877551,0.8557351403715647,0.8557351403715647,0.6845881122972519,0.8099160826948029,0.9352440530923538,0.7089506440100327,0.8342786144075837,0.9596065848051346,0.7333131757228135,0.8586411461203645,0.9839691165179154,0.7060446382612331,0.831372608658784,0.956700579056335,0.7304071699740138,0.8557351403715647,0.9810631107691157,0.7547697016867947,0.8800976720843456,1.0054256424818966,0.7275011642252143,0.8528291346227652,0.9781571050203162,0.751863695937995,0.8771916663355459,1.0025196367330969,0.7762262276507758,0.9015541980483267,1.0268821684458778
20000,5,owa,0,results_0.bag,4.0,4.0,2.0,0,960.0,19.0,13.0,1011.5684638756874,372.3076923076923,272.1970440126615,122.36842105263158,104.47552107036354,0.13545150501672265,0.03631961259079905,0.45684556572994095,1.0,0.37475585634071384,1.0,1.0,1.0,0.26186075114548496,0.35610797335588124,0.6874570965954773,1.127371834418903,1.127371834418903,0.9018974675351223,1.0393888868542178,1.1768803061733133,0.9375082648707104,1.0749996841898057,1.2124911035089014,0.9731190622062985,1.110610481525394,1.2481019008444894,0.9542696177642193,1.0917610370833146,1.2292524564024103,0.9898804150998074,1.127371834418903,1.2648632537379982,1.0254912124353954,1.162982631754491,1.3004740510735864,1.0066417679933162,1.1441331873124116,1.2816246066315071,1.0422525653289043,1.1797439846479998,1.3172354039670953,1.0778633626644925,1.215354781983588,1.3528462013026834
20000,5,owa,1,results_1.bag,6.0,2.0,2.0,0,960.0,19.0,13.0,992.1455032550947,368.0,270.07375535829715,121.84210526315789,104.01349440117785,0.06521739130434785,0.0,0.35508676389615373,0.979108689486679,0.13210818924006548,1.0,1.0,1.0,0.27306867494236126,0.39644397075847926,0.8762461895416395,1.3475368498632403,1.3475368498632403,1.0780294798905925,1.2532787177989202,1.4285279557072479,1.1176738769664403,1.292923114874768,1.4681723527830959,1.1573182740422883,1.332567511950616,1.5078167498589439,1.1326432148790646,1.3078924527873923,1.4831416906957202,1.1722876119549126,1.3475368498632403,1.5227860877715682,1.2119320090307606,1.3871812469390883,1.562430484847416,1.1872569498675367,1.3625061877758646,1.5377554256841925,1.2269013469433847,1.4021505848517126,1.5773998227600403,1.2665457440192327,1.4417949819275604,1.6170442198358883
20000,5,owa,2,results_2.bag,6.0,4.0,0.0,0,960.0,19.0,13.0,989.6949337165396,368.9230769230769,271.6623092304309,122.73684210526316,103.41171334109279,0.08026755852842783,0.06174334140435907,0.43121835266741576,0.9518981498668984,0.10149365043654897,1.0,1.0,1.0,0.2662678100388433,0.37484525791103224,0.9034869160715086,1.357177355065868,1.357177355065868,1.0857418840526945,1.2664392672669962,1.4471366504812977,1.1232264098437978,1.3039237930580994,1.4846211762724009,1.160710935634901,1.3414083188492025,1.522105702063504,1.1389954460604632,1.3196928292747647,1.5003902124890662,1.1764799718515664,1.357177355065868,1.5378747382801696,1.2139644976426696,1.394661880856971,1.5753592640712728,1.1922490080682318,1.3729463912825333,1.553643774496835,1.229733533859335,1.4104309170736367,1.5911283002879384,1.267218059650438,1.4479154428647398,1.6286128260790416
20000,5,owa,3,results_3.bag,8.0,2.0,0.0,0,930.0,19.0,12.0,1061.616719132612,425.3333333333333,283.53044836756976,122.63157894736842,82.35978692859749,1.0,0.05447941888619906,1.0,0.0,1.0,1.0,0.9230769230769231,0.96875,0.4863835129310381,0.11003346648195467,0.36787944117144233,0.9092796873434578,0.9092796873434578,0.7274237498747662,0.8009996381090547,0.8745755263433432,0.7384270965229618,0.8120029847572502,0.8855788729915386,0.7494304431711571,0.8230063314054457,0.8965822196397342,0.8247004524609738,0.8982763406952623,0.9718522289295508,0.8357037991091694,0.9092796873434578,0.9828555755777462,0.8467071457573647,0.9202830339916532,0.9938589222259417,0.9219771550471814,0.9955530432814699,1.0691289315157584,0.9329805016953769,1.0065563899296652,1.0801322781639537,0.9439838483435723,1.0175597365778608,1.0911356248121493
20000,5,owa,4,results_4.bag,10.0,0.0,0.0,0,930.0,18.0,13.0,981.5707790554869,364.0,262.66455159892945,136.33333333333334,97.58495544607152,0.0,1.0,0.0,0.6884315220954371,0.0,0.9473684210526315,1.0,0.96875,0.14777263099958526,0.5,1.0,1.3977726309995853,1.3977726309995853,1.1182181047996682,1.3182181047996682,1.5182181047996681,1.1682181047996683,1.3682181047996682,1.5682181047996682,1.2182181047996683,1.4182181047996683,1.6182181047996682,1.1477726309995853,1.3477726309995852,1.5477726309995852,1.1977726309995853,1.3977726309995853,1.5977726309995852,1.2477726309995854,1.4477726309995853,1.6477726309995853,1.1773271571995023,1.3773271571995023,1.5773271571995022,1.2273271571995024,1.4273271571995023,1.6273271571995023,1.2773271571995024,1.4773271571995024,1.6773271571995023
20000,6,owa,0,results_0.bag,4.0,4.0,2.0,0,900.0,16.0,14.0,908.8055603681539,273.7857142857143,240.65908813775704,183.4375,132.40542222029026,0.9788053949903663,0.0,0.1406738138023348,0.0,0.0,1.0,1.0,1.0,0.5,0.24610789774994657,1.0,1.6230539488749733,1.6230539488749733,1.2984431590999788,1.4984431590999787,1.6984431590999787,1.3230539488749733,1.5230539488749733,1.7230539488749732,1.347664738649968,1.547664738649968,1.747664738649968,1.3984431590999786,1.5984431590999786,1.7984431590999785,1.4230539488749734,1.6230539488749733,1.8230539488749733,1.447664738649968,1.6476647386499679,1.8476647386499678,1.4984431590999787,1.6984431590999787,1.8984431590999786,1.5230539488749733,1.7230539488749732,1.9230539488749732,1.547664738649968,1.747664738649968,1.947664738649968
20000,6,owa,1,results_1.bag,6.0,2.0,2.0,0,840.0,16.0,12.0,1023.6719559242239,237.5,248.68983968718214,217.0625,133.0225388170491,0.0,1.0,1.0,0.3706085957944295,1.0,1.0,0.8571428571428571,0.9333333333333333,0.2025215364202689,0.23052121831713868,0.36787944117144233,0.6856615867502805,0.6856615867502805,0.5485292694002245,0.6221051576345129,0.6956810458688014,0.5715813912319383,0.6451572794662268,0.7187331677005153,0.5946335130636522,0.6682094012979407,0.7417852895322292,0.5890335766842782,0.6626094649185668,0.7361853531528552,0.6120856985159921,0.6856615867502805,0.759237474984569,0.635137820347706,0.7087137085819945,0.7822895968162829,0.6295378839683321,0.7031137722026205,0.7766896604369089,0.6525900058000459,0.7261658940343343,0.7997417822686228,0.6756421276317597,0.7492180158660482,0.8227939041003367
20000,6,owa,2,results_2.bag,6.0,4.0,0.0,0,900.0,16.0,14.0,922.6596967733544,274.57142857142856,240.1934202281135,186.125,134.07056599666709,1.0,0.07992565055762081,0.09084527330200383,1.0,0.12061087438264623,1.0,1.0,1.0,0.2535200868619148,0.2514591413390418,0.886378805194176,1.2656284627256116,1.2656284627256116,1.0125027701804894,1.1897785312193245,1.3670542922581599,1.0376486843143935,1.2149244453532289,1.392200206392064,1.0627945984482978,1.240070359487133,1.417346120525968,1.0632067875528723,1.2404825485917075,1.4177583096305428,1.0883527016867767,1.2656284627256116,1.442904223764447,1.1134986158206808,1.290774376859516,1.4680501378983513,1.1139108049252553,1.2911865659640904,1.4684623270029258,1.1390567190591594,1.3163324800979948,1.4936082411368299,1.1642026331930637,1.3414783942318989,1.518754155270734
20000,6,owa,3,results_3.bag,8.0,2.0,0.0,0,900.0,16.0,14.0,925.5181835405726,273.2142857142857,239.7730268308018,184.3125,133.7728017946847,0.9633911368015421,0.026022304832713755,0.045861307281986306,0.821178083114073,0.1454961922633043,1.0,1.0,1.0,0.30002046961151596,0.2671261741396705,0.8645931822108724,1.2981767388922236,1.2981767388922236,1.038541391113779,1.2114600275559533,1.384378663998128,1.065254008527746,1.2381726449699204,1.411091281412095,1.0919666259417131,1.2648852623838875,1.4378038988260622,1.098545485036082,1.2714641214782567,1.4443827579204311,1.1252581024500492,1.2981767388922236,1.4710953753343983,1.1519707198640163,1.3248893563061908,1.4978079927483652,1.1585495789583853,1.3314682154005597,1.5043868518427344,1.1852621963723524,1.3581808328145268,1.5310994692567013,1.2119748137863193,1.384893450228494,1.5578120866706684
20000,6,owa,4,results_4.bag,10.0,0.0,0.0,0,900.0,16.0,14.0,919.3139228885149,272.7142857142857,239.34443432375494,183.8125,134.04935347351238,0.9499036608863205,0.011152416356877323,0.0,0.9872608459067371,0.0914833487156083,1.0,1.0,1.0,0.26925350729827996,0.2789041969638416,0.9125765115965228,1.3212821173767235,1.3212821173767235,1.057025693901379,1.2395409962206834,1.4220562985399878,1.084916113597763,1.2674314159170676,1.449946718236372,1.1128065332941472,1.2953218356134517,1.4778371379327562,1.1108763953610348,1.2933916976803395,1.4759069999996437,1.138766815057419,1.3212821173767235,1.503797419696028,1.1666572347538033,1.3491725370731076,1.5316878393924123,1.1647270968206909,1.3472423991399953,1.5297577014592998,1.1926175165170751,1.3751328188363794,1.557648121155684,1.2205079362134592,1.4030232385327637,1.5855385408520681
30000,3,owa,0,results_0.bag,4.0,4.0,2.0,0,1710.0,28.0,29.0,2673.289866906741,161.6206896551724,131.16331526359022,111.14285714285714,98.35563373712097,0.8222996515679442,0.306930693069305,1.0,0.0,0.0,1.0,1.0,1.0,0.42386409812227893,0.1391581617490111,1.0,1.4934431789967846,1.4934431789967846,1.1947545431974276,1.3947545431974278,1.5947545431974275,1.2086703593723287,1.4086703593723287,1.6086703593723286,1.2225861755472298,1.4225861755472298,1.6225861755472297,1.2795273628218835,1.4795273628218832,1.6795273628218834,1.2934431789967844,1.4934431789967846,1.6934431789967843,1.3073589951716857,1.5073589951716855,1.7073589951716857,1.3643001824463392,1.5643001824463392,1.7643001824463391,1.3782159986212403,1.5782159986212403,1.7782159986212402,1.3921318147961415,1.5921318147961414,1.7921318147961414
30000,3,owa,1,results_1.bag,6.0,2.0,2.0,0,1710.0,28.0,29.0,2679.1936504161854,158.44827586206895,129.72184148259487,113.64285714285714,99.23679659754137,0.5017421602787446,1.0,0.47527818481198997,1.0,0.3568101193451339,1.0,1.0,1.0,0.11920292202211755,0.27348341224214684,0.6999053836105674,0.9558500117537584,0.9558500117537584,0.7646800094030067,0.9046610861251202,1.0446421628472335,0.7920283506272214,0.9320094273493349,1.0719905040714484,0.819376691851436,0.9593577685735495,1.099338845295663,0.7885205938074302,0.9285016705295437,1.0684827472516572,0.8158689350316449,0.9558500117537584,1.095831088475872,0.8432172762558596,0.9831983529779731,1.1231794297000866,0.8123611782118537,0.9523422549339672,1.0923233316560808,0.8397095194360684,0.9796905961581819,1.1196716728802953,0.8670578606602831,1.0070389373823967,1.14702001410451
30000,3,owa,2,results_2.bag,6.0,4.0,0.0,0,1710.0,28.0,29.0,2674.1296002950294,163.3793103448276,131.07942352229034,112.46428571428571,98.89443760070526,1.0,0.6732673267326718,0.9694619303142928,0.6114691026891762,0.0507514155988285,1.0,1.0,1.0,0.2167450571611146,0.12244669254941248,0.9505149243499775,1.2284833277857983,1.2284833277857983,0.9827866622286388,1.1728896470986343,1.3629926319686299,0.99503133148358,1.1851343163535755,1.375237301223571,1.0072760007385213,1.1973789856085166,1.3874819704785122,1.0261356736608618,1.216238658530857,1.4063416434008527,1.038380342915803,1.2284833277857983,1.418586312655794,1.050625012170744,1.2407279970407397,1.4308309819107352,1.0694846850930846,1.25958766996308,1.4496906548330757,1.0817293543480258,1.2718323392180213,1.4619353240880169,1.0939740236029671,1.2840770084729625,1.474179993342958
30000,3,owa,3,results_3.bag,8.0,2.0,0.0,0,1710.0,28.0,29.0,2689.8358760846195,153.48275862068965,128.66668474607866,110.03571428571429,98.85510614319328,0.0,0.0,0.09118257003755252,0.5668332478675008,1.0,1.0,1.0,1.0,0.36196785700466105,0.4772201384469826,0.36787944117144233,0.9684573673995946,0.9684573673995946,0.7747658939196758,0.8483417821539643,0.9219176703882527,0.8224879077643741,0.8960637959986625,0.9696396842329509,0.8702099216090722,0.9437858098433607,1.0173616980776492,0.847159465320608,0.9207353535548964,0.9943112417891848,0.8948814791653061,0.9684573673995946,1.0420332556338832,0.9426034930100045,1.016179381244293,1.0897552694785815,0.9195530367215401,0.9931289249558286,1.0667048131901171,0.9672750505662384,1.040850938800527,1.1144268270348154,1.0149970644109367,1.088572952645225,1.1621488408795135
30000,3,owa,4,results_4.bag,10.0,0.0,0.0,0,1710.0,28.0,29.0,2683.7921864860546,155.17241379310346,128.41619528635263,110.78571428571429,98.8258315095045,0.17073170731707457,0.2079207920792085,0.0,0.5336105202609163,0.6347343015713365,1.0,1.0,1.0,0.3226693787132822,0.45742045334479803,0.5300763100513357,1.081455915437017,1.081455915437017,0.8651647323496136,0.9711799943598807,1.077195256370148,0.9109067776840933,1.0169220396943603,1.1229373017046276,0.9566488230185731,1.0626640850288402,1.1686793470391073,0.92969860809227,1.035713870102537,1.1417291321128042,0.9754406534267498,1.081455915437017,1.187471177447284,1.0211826987612298,1.1271979607714968,1.2332132227817638,0.9942324838349265,1.1002477458451936,1.2062630078554606,1.0399745291694062,1.1459897911796735,1.2520050531899405,1.085716574503886,1.1917318365141532,1.2977470985244204
30000,4,owa,0,results_0.bag,4.0,4.0,2.0,0,1530.0,28.0,23.0,1610.3052531766607,319.04347826086956,273.96573744985466,236.78571428571428,240.1467694962206,1.0,0.1389207807118237,0.8932767386670103,0.986736888717496,0.583672040689662,1.0,0.8518518518518519,0.9807692307692307,0.24496335262080673,0.11148296694853868,0.557846167167113,0.858551003262189,0.858551003262189,0.6868408026097513,0.7984100360431738,0.9099792694765965,0.6979890993046052,0.8095583327380278,0.9211275661714504,0.709137395999459,0.8207066294328815,0.9322758628663042,0.7358334731339127,0.8474027065673352,0.9589719400007578,0.7469817698287665,0.858551003262189,0.9701202366956116,0.7581300665236204,0.869699299957043,0.9812685333904656,0.7848261436580739,0.8963953770914965,1.0079646105249191,0.7959744403529279,0.9075436737863504,1.0191129072197729,0.8071227370477817,0.9186919704812042,1.0302612039146268
30000,4,owa,1,results_1.bag,6.0,2.0,2.0,0,1530.0,28.0,23.0,1625.7416370969972,317.0,276.3425081636588,237.85714285714286,240.07972661654532,0.9396461523827643,0.5694603903559176,0.9710283713844273,0.9857352940696479,0.7329075368994846,1.0,0.8518518518518519,0.9807692307692307,0.17433711628480955,0.10980804122829357,0.48050985692064313,0.7097509938195995,0.7097509938195995,0.5678007950556796,0.6639027664398083,0.7600047378239368,0.5787815991785089,0.6748835705626376,0.7709855419467662,0.5897624033013382,0.6858643746854669,0.7819663460695956,0.6026682183126415,0.6987701896967702,0.7948721610808988,0.6136490224354708,0.7097509938195995,0.8058529652037281,0.6246298265583001,0.7207317979424288,0.8168337693265575,0.6375356415696034,0.7336376129537321,0.8297395843378607,0.6485164456924327,0.7446184170765613,0.84072038846069,0.659497249815262,0.7555992211993907,0.8517011925835194
30000,4,owa,2,results_2.bag,6.0,4.0,0.0,0,1560.0,25.0,27.0,1549.9323128744131,285.18518518518516,246.6593785017083,236.44,174.09841086772352,0.0,0.0,0.0,0.0,0.0,0.8928571428571429,1.0,1.0,0.44642857142857145,0.5,1.0,1.6964285714285714,1.6964285714285714,1.3571428571428572,1.5571428571428572,1.7571428571428571,1.4071428571428573,1.6071428571428572,1.8071428571428572,1.4571428571428573,1.6571428571428573,1.8571428571428572,1.4464285714285716,1.6464285714285714,1.8464285714285715,1.4964285714285714,1.6964285714285714,1.8964285714285714,1.5464285714285715,1.7464285714285714,1.9464285714285714,1.5357142857142858,1.7357142857142858,1.9357142857142857,1.5857142857142859,1.7857142857142856,1.9857142857142858,1.6357142857142857,1.8357142857142856,2.0357142857142856
30000,4,owa,3,results_3.bag,8.0,2.0,0.0,0,1530.0,28.0,23.0,1653.3687225247904,318.1304347826087,275.8526128780015,238.92857142857142,238.97480551714582,0.973033387234852,1.0,0.9550023584000039,0.9692282009254836,1.0,1.0,0.8518518518518519,0.9807692307692307,0.12247180980666628,0.10815805609505154,0.36787944117144233,0.5444302790256343,0.5444302790256343,0.4355442232205075,0.509120111454796,0.5826959996890844,0.4463600288300127,0.5199359170643011,0.5935118052985896,0.4571758344395178,0.5307517226738063,0.6043276109080947,0.46003858518184076,0.5336144734161292,0.6071903616504177,0.47085439079134594,0.5444302790256343,0.6180061672599229,0.48167019640085107,0.5552460846351395,0.628821972869428,0.484532947143174,0.5581088353774625,0.6316847236117509,0.4953487527526792,0.5689246409869676,0.6425005292212561,0.5061645583621843,0.5797404465964728,0.6533163348307612
30000,4,owa,4,results_4.bag,10.0,0.0,0.0,0,1530.0,28.0,23.0,1616.3769733813074,317.4347826086956,277.22813481892103,238.89285714285714,241.03455097123475,0.9524873965566435,0.9856486796785336,1.0,1.0,0.6423720692885814,1.0,0.8518518518518519,0.9807692307692307,0.12071797225456507,0.10587018076301404,0.526043132167104,0.699696194803176,0.699696194803176,0.5597569558425408,0.6649655822759617,0.7701742087093824,0.5703439739188423,0.675552600352263,0.7807612267856838,0.5809309919951438,0.6861396184285644,0.7913482448619853,0.5839005502934539,0.6891091767268747,0.7943178031602954,0.5944875683697552,0.699696194803176,0.8049048212365968,0.6050745864460567,0.7102832128794775,0.8154918393128983,0.608044144744367,0.7132527711777876,0.8184613976112085,0.6186311628206683,0.7238397892540891,0.8290484156875099,0.6292181808969697,0.7344268073303905,0.8396354337638112
30000,5,owa,0,results_0.bag,4.0,4.0,2.0,0,1350.0,25.0,20.0,1675.8948455899406,486.35,406.4128410476483,224.16,150.60286628525145,0.03654080389768579,0.005348586710247943,0.4419770857706635,0.012906145917754701,0.5879308952084185,1.0,1.0,1.0,0.49543644357045624,0.3826021650262991,0.5554754333857729,1.2422129594693787,1.2422129594693787,0.993770367575503,1.1048654542526575,1.215960540929812,1.032030584078133,1.1431256707552875,1.254220757432442,1.0702908005807628,1.1813858872579175,1.292480973935072,1.0928576562895942,1.2039527429667487,1.3150478296439032,1.1311178727922242,1.2422129594693787,1.3533080461465332,1.169378089294854,1.2804731759720087,1.3915682626491632,1.1919449450036854,1.30304003168084,1.4141351183579944,1.2302051615063154,1.34130024818347,1.4523953348606244,1.2684653780089452,1.3795604646861,1.4906555513632544
30000,5,owa,1,results_1.bag,6.0,2.0,2.0,0,1320.0,24.0,20.0,1640.9044437800062,525.9,411.0741897439977,268.7916666666667,227.12646911140607,1.0,1.0,1.0,1.0,0.0,0.96,1.0,0.9777777777777777,0.11443480514123285,0.11920292202211755,1.0,1.1740362661522916,1.1740362661522916,0.9392290129218334,1.1392290129218332,1.3392290129218332,0.9511493051240452,1.1511493051240451,1.351149305124045,0.9630695973262569,1.1630695973262568,1.3630695973262568,0.96211597395008,1.16211597395008,1.3621159739500799,0.9740362661522917,1.1740362661522916,1.3740362661522916,0.9859565583545034,1.1859565583545033,1.3859565583545033,0.9850029349783265,1.1850029349783264,1.3850029349783264,0.9969232271805382,1.1969232271805381,1.396923227180538,1.0088435193827499,1.20884351938275,1.4088435193827498
30000,5,owa,2,results_2.bag,6.0,4.0,0.0,0,1350.0,25.0,20.0,1672.3708560424927,486.45,404.60916489346783,224.72,150.14285419781612,0.03897685749086401,0.01782862236749272,0.22605403657461917,0.00697235441368083,0.5287185906287126,1.0,1.0,1.0,0.4938000735933754,0.43412740762818336,0.5893596970565825,1.3002234744640497,1.3002234744640497,1.0401787795712398,1.1580507189825564,1.2759226583938728,1.083591520334058,1.2014634597453746,1.319335399156691,1.1270042610968765,1.2448762005081928,1.3627481399195094,1.1389387942899147,1.2568107337012313,1.3746826731125479,1.1823515350527332,1.3002234744640497,1.418095413875366,1.2257642758155516,1.343636215226868,1.4615081546381843,1.2376988090085899,1.3555707484199062,1.4734426878312228,1.281111549771408,1.3989834891827246,1.5168554285940412,1.3245242905342265,1.442396229945543,1.5602681693568594
30000,5,owa,3,results_3.bag,8.0,2.0,0.0,0,1350.0,25.0,20.0,1699.265285710708,485.75,402.7208612739886,225.24,149.60232841325254,0.02192448233861092,0.029417226906363052,0.0,0.0,0.9806158336739275,1.0,1.0,1.0,0.492646223579204,0.4945190989615507,0.3750800407924972,1.1149858138524766,1.1149858138524766,0.8919886510819812,0.9670046592404806,1.04202066739898,0.9414405609781364,1.0164565691366358,1.0914725772951352,0.9908924708742914,1.0659084790327908,1.1409244871912902,0.990517895797822,1.0655339039563214,1.1405499121148208,1.0399698056939772,1.1149858138524766,1.190001822010976,1.0894217155901322,1.1644377237486316,1.239453731907131,1.0890471405136628,1.1640631486721622,1.2390791568306616,1.1384990504098178,1.2135150585683172,1.2885310667268166,1.187950960305973,1.2629669684644724,1.3379829766229718
30000,5,owa,4,results_4.bag,10.0,0.0,0.0,0,1350.0,25.0,20.0,1700.4189242999157,484.85,404.17040114027986,223.92,150.30300507086787,0.0,0.0,0.1735284170250874,0.009038173803737773,1.0,1.0,1.0,1.0,0.4977404719305156,0.45672642950080783,0.36787944117144233,1.0939831278523617,1.0939831278523617,0.8751865022818894,0.948762390516178,1.0223382787504665,0.9208591452319703,0.9944350334662587,1.0680109217005471,0.966531788182051,1.0401076764163395,1.113683564650628,0.9747345966679926,1.048310484902281,1.1218863731365696,1.0204072396180734,1.0939831278523617,1.1675590160866502,1.0660798825681541,1.1396557708024426,1.2132316590367311,1.0742826910540957,1.1478585792883842,1.2214344675226727,1.1199553340041766,1.193531222238465,1.2671071104727534,1.1656279769542572,1.2392038651885458,1.3127797534228343
30000,6,owa,0,results_0.bag,4.0,4.0,2.0,0,1110.0,22.0,15.0,1129.80279043597,244.53333333333333,128.40887078094758,238.04545454545453,244.0596096727049,0.1053384175405147,0.04708242374181361,0.003939235633738765,0.060159476616886996,0.09883801327599191,1.0,0.8823529411764706,1.0,0.4732151906086692,0.4170950653693294,0.9058894382014651,1.587652161494799,1.587652161494799,1.2701217291958393,1.451299616836132,1.6324775044764253,1.3118312357327722,1.4930091233730651,1.674187011013358,1.353540742269705,1.5347186299099982,1.715896517550291,1.3647647673175731,1.5459426549578659,1.727120542598159,1.406474273854506,1.587652161494799,1.768830049135092,1.4481837803914388,1.629361668031732,1.8105395556720247,1.459407805439307,1.6405856930796,1.8217635807198929,1.5011173119762398,1.6822951996165327,1.8634730872568257,1.5428268185131728,1.7240047061534658,1.9051825937937588
30000,6,owa,1,results_1.bag,6.0,2.0,2.0,0,1110.0,22.0,15.0,1114.5660954819282,242.2,128.0001116070942,236.13636363636363,243.32210583123597,0.06482364156339347,0.0,0.0,0.04990175602827643,0.0,1.0,0.8823529411764706,1.0,0.4875271491946111,0.4268821430614096,1.0,1.7009682207253158,1.7009682207253158,1.3607745765802528,1.5607745765802528,1.7607745765802527,1.4034627908863937,1.6034627908863937,1.8034627908863936,1.4461510051925348,1.6461510051925345,1.8461510051925347,1.458280006419175,1.658280006419175,1.858280006419175,1.5009682207253159,1.7009682207253158,1.9009682207253158,1.543656435031457,1.7436564350314567,1.943656435031457,1.5557854362580972,1.7557854362580971,1.955785436258097,1.5984736505642383,1.798473650564238,1.9984736505642382,1.6411618648703792,1.8411618648703791,2.041161864870379
30000,6,owa,2,results_2.bag,6.0,4.0,0.0,0,1110.0,22.0,15.0,1157.0667636465469,238.46666666666667,129.79977254364104,237.04545454545453,242.50920007540358,0.0,0.02242020178181597,0.01734343580123744,0.03859529274044667,0.2756950649050547,1.0,0.8823529411764706,1.0,0.4847508569834798,0.43735080858534814,0.7590443547371816,1.4624706160133356,1.4624706160133356,1.1699764928106684,1.3217853637581047,1.473594234705541,1.2137115736692032,1.3655204446166396,1.5173293155640757,1.257446654527738,1.4092555254751744,1.5610643964226105,1.2669266642073644,1.4187355351548008,1.570544406102237,1.3106617450658993,1.4624706160133356,1.6142794869607717,1.3543968259244341,1.5062056968718702,1.6580145678193063,1.3638768356040605,1.5156857065514966,1.6674945774989327,1.4076119164625953,1.5594207874100314,1.7112296583574675,1.45134699732113,1.603155868268566,1.7549647392160024
30000,6,owa,3,results_3.bag,8.0,2.0,0.0,0,1110.0,21.0,16.0,1152.395835123545,286.125,231.76622560962875,240.33333333333334,239.734297365507,0.8275142993326977,0.10350659822605118,1.0,0.0,0.24539549555880433,0.9545454545454546,0.9411764705882353,1.0,0.4525943180429029,0.13038555972972923,0.7823950432791134,1.3001821411868808,1.3001821411868808,1.0401457129495046,1.1966247216053274,1.3531037302611502,1.0531842689224775,1.2096632775783003,1.366142286234123,1.0662228248954506,1.2227018335512732,1.379180842207096,1.1306645765580852,1.287143585213908,1.4436225938697307,1.1437031325310583,1.3001821411868808,1.4566611498427036,1.1567416885040311,1.3132206971598537,1.4696997058156764,1.221183440166666,1.3776624488224885,1.5341414574783112,1.2342219961396388,1.3907010047954613,1.547180013451284,1.2472605521126119,1.4037395607684344,1.560218569424257
30000,6,owa,4,results_4.bag,10.0,0.0,0.0,0,1080.0,19.0,17.0,1268.724343397085,296.05882352941177,169.9339837217071,276.6842105263158,311.6317364795931,1.0,1.0,0.404119133858946,1.0,1.0,0.8636363636363636,1.0,0.972972972972973,0.10294797811001062,0.19716328063223945,0.36787944117144233,0.5694090595975727,0.5694090595975727,0.4555272476780582,0.5291031359123466,0.6026790241466351,0.4752435757412821,0.5488194639755706,0.6223953522098591,0.49495990380450605,0.5685357920387946,0.642111680273083,0.47611684330006027,0.5496927315343487,0.6232686197686372,0.4958331713632842,0.5694090595975727,0.6429849478318611,0.5155494994265082,0.5891253876607967,0.6627012758950851,0.4967064389220624,0.5702823271563509,0.6438582153906394,0.5164227669852863,0.5899986552195748,0.6635745434538632,0.5361390950485103,0.6097149832827987,0.6832908715170872
40000,3,owa,0,results_0.bag,4.0,4.0,2.0,0,2400.0,40.0,40.0,3791.4737095939645,261.725,243.62297347567247,167.95,138.537590936771,0.0,0.0,0.24016086952527263,0.0,0.8829235618266198,1.0,1.0,1.0,0.5,0.440246707348062,0.41357203908756673,1.1336953927615978,1.1336953927615978,0.9069563142092782,0.9896707220267915,1.0723851298443048,0.9509809849440845,1.0336953927615977,1.116409800579111,0.9950056556788905,1.077720063496404,1.1604344713139172,1.0069563142092783,1.0896707220267916,1.1723851298443049,1.0509809849440845,1.1336953927615978,1.216409800579111,1.0950056556788907,1.177720063496404,1.2604344713139173,1.1069563142092782,1.1896707220267915,1.272385129844305,1.1509809849440844,1.2336953927615977,1.3164098005791112,1.1950056556788904,1.2777200634964039,1.3604344713139171
40000,3,owa,1,results_1.bag,6.0,2.0,2.0,0,2400.0,40.0,40.0,3628.550990270113,266.95,244.43550352724003,168.1,142.07343713186336,1.0,0.029268292682927938,0.7900843751280924,1.0,0.0,1.0,1.0,1.0,0.2632259854814007,0.143062379154596,1.0,1.3347571750586986,1.3347571750586986,1.067805740046959,1.267805740046959,1.4678057400469589,1.0821119779624186,1.2821119779624186,1.4821119779624186,1.0964182158778781,1.296418215877878,1.496418215877878,1.1204509371432392,1.3204509371432391,1.520450937143239,1.1347571750586987,1.3347571750586986,1.5347571750586986,1.1490634129741584,1.3490634129741583,1.5490634129741583,1.1730961342395192,1.3730961342395192,1.573096134239519,1.187402372154979,1.3874023721549789,1.5874023721549788,1.2017086100704384,1.4017086100704383,1.6017086100704383
40000,3,owa,2,results_2.bag,6.0,4.0,0.0,0,2400.0,40.0,40.0,3787.14331258092,264.55,243.26812789858448,170.225,139.1331197091476,0.5406698564593315,0.44390243902439136,0.0,0.16842609647533846,0.8594559351460175,1.0,1.0,1.0,0.3515282106494925,0.3680317703424427,0.42339237257501294,0.9589364683957268,0.9589364683957268,0.7671491747165815,0.851827649231584,0.9365061237465866,0.8039523517508258,0.8886308262658283,0.9733093007808309,0.8407555287850701,0.9254340033000726,1.0101124778150752,0.83745481684648,0.9221332913614826,1.0068117658764852,0.8742579938807242,0.9589364683957268,1.0436149429107293,0.9110611709149685,0.9957396454299711,1.0804181199449736,0.9077604589763785,0.992438933491381,1.0771174080063837,0.9445636360106228,1.0292421105256253,1.1139205850406277,0.9813668130448671,1.0660452875598696,1.1507237620748723
40000,3,owa,3,results_3.bag,8.0,2.0,0.0,0,2400.0,40.0,40.0,3813.077404976718,264.025,243.92185460480195,170.05,138.80681096124488,0.4401913875598028,0.40975609756098,0.4424447825600237,0.07614019660909935,1.0,1.0,1.0,1.0,0.3808607712392458,0.29263179768518605,0.36787944117144233,0.8950561112532811,0.8950561112532811,0.716044889002625,0.7896207772369135,0.8631966654712019,0.7453080687711435,0.818883957005432,0.8924598452397206,0.7745712485396621,0.8481471367739506,0.9217230250082391,0.792217043250474,0.8657929314847626,0.9393688197190511,0.8214802230189926,0.8950561112532811,0.9686319994875696,0.8507434027875114,0.9243192910217998,0.9978951792560882,0.8683891974983231,0.9419650857326116,1.0155409739669001,0.8976523772668419,0.9712282655011303,1.0448041537354187,0.9269155570353604,1.000491445269649,1.0740673335039372
40000,3,owa,4,results_4.bag,10.0,0.0,0.0,0,2400.0,40.0,40.0,3795.2276222146857,266.15,244.74566076140852,173.075,139.11264343726117,0.8468899521531069,1.0,1.0,0.16263504370985235,0.9032670591339828,1.0,1.0,1.0,0.23818881374409293,0.13623846594015226,0.40524354005540586,0.711551586769575,0.711551586769575,0.56924126941566,0.6502899774267411,0.7313386854378223,0.5828651160096752,0.6639138240207564,0.7449625320318376,0.5964889626036904,0.6775376706147715,0.7585863786258527,0.6168790321644786,0.6979277401755597,0.7789764481866408,0.6305028787584938,0.711551586769575,0.7926002947806561,0.6441267253525089,0.7251754333635901,0.8062241413746714,0.6645167949132971,0.7455655029243783,0.8266142109354595,0.6781406415073123,0.7591893495183935,0.8402380575294746,0.6917644881013276,0.7728131961124087,0.8538619041234898
40000,4,owa,0,results_0.bag,4.0,4.0,2.0,0,2040.0,37.0,31.0,2463.962739134738,436.96774193548384,395.11099570213327,227.6216216216216,237.99560585945363,0.7915476870359791,0.0,1.0,0.0,0.40733206231909436,0.9736842105263158,0.9117647058823529,0.9714285714285714,0.4868421052631579,0.13027574697913466,0.6654231916426923,1.2174031703954173,1.2174031703954173,0.973922536316334,1.1070071746448724,1.2400918129734109,0.9869501110142476,1.120034749342786,1.2531193876713245,0.999977685712161,1.1330623240406994,1.2661469623692378,1.0712909573689657,1.204375595697504,1.3374602340260426,1.0843185320668791,1.2174031703954173,1.350487808723956,1.0973461067647925,1.230430745093331,1.3635153834218694,1.168659378421597,1.3017440167501357,1.434828655078674,1.1816869531195107,1.3147715914480491,1.4478562297765876,1.1947145278174243,1.3277991661459625,1.4608838044745012
40000,4,owa,1,results_1.bag,6.0,2.0,2.0,0,2040.0,37.0,31.0,2488.0183449976025,335.35483870967744,300.27382485403734,298.4594594594595,272.73466904612565,0.0,1.0,0.17252424392102256,1.0,0.510762613671985,0.9736842105263158,0.9117647058823529,0.9714285714285714,0.11606600302153551,0.41665422641701694,0.60003780724751,0.924430923477554,0.924430923477554,0.7395447387820433,0.8595523002315453,0.9795598616810473,0.7812101614237449,0.9012177228732469,1.0212252843227487,0.8228755840654466,0.9428831455149486,1.0628907069644504,0.7627579393863504,0.8827655008358524,1.0027730622853543,0.804423362028052,0.924430923477554,1.0444384849270558,0.8460887846697537,0.9660963461192557,1.0861039075687575,0.7859711399906575,0.9059787014401595,1.0259862628896614,0.8276365626323591,0.947644124081861,1.067651685531363,0.8693019852740608,0.9893095467235627,1.1093171081730646
40000,4,owa,2,results_2.bag,6.0,4.0,0.0,0,2070.0,36.0,33.0,2369.226518373192,463.72727272727275,391.2940288906215,250.77777777777777,248.26576901274984,1.0,0.3268896519564202,0.9666961016441218,0.2956373088735582,0.0,0.9473684210526315,0.9705882352941176,0.9857142857142858,0.3308276387565106,0.11913407744447137,1.0,1.3903946774787463,1.3903946774787463,1.112315741982997,1.3123157419829972,1.512315741982997,1.1242291497274441,1.324229149727444,1.524229149727444,1.1361425574718913,1.3361425574718913,1.5361425574718912,1.1784812697342992,1.3784812697342992,1.5784812697342991,1.1903946774787464,1.3903946774787463,1.5903946774787463,1.2023080852231935,1.4023080852231935,1.6023080852231935,1.2446467974856015,1.4446467974856012,1.6446467974856014,1.2565602052300484,1.4565602052300484,1.6565602052300483,1.2684736129744956,1.4684736129744955,1.6684736129744955
40000,4,owa,3,results_3.bag,8.0,2.0,0.0,0,2100.0,36.0,34.0,2377.488300271558,461.6764705882353,384.69403194937763,247.88888888888889,246.81430588055787,0.9840245909900224,0.28610793166306325,0.9091096362293917,0.25385543570120267,0.03552272438186496,0.9473684210526315,1.0,1.0,0.3488173616745059,0.13088751970273094,0.9651008026616329,1.3793619241875041,1.3793619241875041,1.1034895393500035,1.29650969988233,1.4895298604146565,1.1165782913202766,1.3095984518526032,1.5026186123849297,1.1296670432905498,1.322687203822876,1.5157073643552028,1.1732530116849047,1.3662731722172312,1.5592933327495577,1.1863417636551779,1.3793619241875041,1.5723820847198309,1.1994305156254508,1.3924506761577773,1.585470836690104,1.243016484019806,1.4360366445521322,1.629056805084459,1.2561052359900788,1.4491253965224054,1.642145557054732,1.269193987960352,1.4622141484926785,1.6552343090250052
40000,4,owa,4,results_4.bag,10.0,0.0,0.0,0,2070.0,38.0,31.0,2601.8038908053477,391.0967741935484,280.50078488763745,279.63157894736844,260.4368908410501,0.43422044545973737,0.7342115303520151,0.0,0.645995686786577,1.0,1.0,0.9117647058823529,0.9857142857142858,0.20097572183198145,0.3584320109731248,0.36787944117144233,0.7480711684899862,0.7480711684899862,0.598456934791989,0.6720328230262774,0.7456087112605658,0.6343001358893015,0.70787602412359,0.7814519123578784,0.6701433369866139,0.7437192252209024,0.8172951134551909,0.6386520791583852,0.7122279673926737,0.7858038556269622,0.6744952802556978,0.7480711684899862,0.8216470567242746,0.7103384813530103,0.7839143695872987,0.857490257821587,0.6788472235247816,0.7524231117590701,0.8259989999933585,0.714690424622094,0.7882663128563825,0.861842201090671,0.7505336257194065,0.8241095139536949,0.8976854021879834
40000,5,owa,0,results_0.bag,4.0,4.0,2.0,0,1740.0,31.0,27.0,1983.2168931056956,598.3333333333334,394.83190191425865,367.2903225806452,338.52416886128793,0.9461696775668881,1.0,1.0,0.7768630952252872,1.0,1.0,1.0,1.0,0.14469091063331382,0.12497161683154637,0.36787944117144233,0.5750561602205293,0.5750561602205293,0.4600449281764235,0.5336208164107119,0.6071967046450004,0.47254208985957813,0.5461179780938665,0.619693866328155,0.48503925154273275,0.5586151397770212,0.6321910280113097,0.4889831103030863,0.5625589985373747,0.6361348867716632,0.5014802719862409,0.5750561602205293,0.6486320484548178,0.5139774336693955,0.5875533219036839,0.6611292101379724,0.517921292429749,0.5914971806640374,0.665073068898326,0.5304184541129037,0.6039943423471921,0.6775702305814806,0.5429156157960583,0.6164915040303467,0.6900673922646352
40000,5,owa,1,results_1.bag,6.0,2.0,2.0,0,1740.0,31.0,27.0,1956.4051049938173,609.9629629629629,389.55571157621654,361.9032258064516,333.9592145595736,0.9988261300403996,0.7840193432298681,0.926429422476572,0.3646118289226218,0.9533752055740599,1.0,1.0,1.0,0.24073919385425813,0.12727664928691002,0.3854378933994387,0.6898154118971518,0.6898154118971518,0.5518523295177216,0.6289399081976093,0.706027486877497,0.5645799944464125,0.6416675731263002,0.7187551518061879,0.5773076593751035,0.6543952380549912,0.7314828167348789,0.6000001682885732,0.6770877469684609,0.7541753256483485,0.6127278332172641,0.6898154118971518,0.7669029905770395,0.6254554981459551,0.7025430768258428,0.7796306555057305,0.6481480070594248,0.7252355857393125,0.8023231644192002,0.6608756719881157,0.7379632506680034,0.8150508293478911,0.6736033369168067,0.7506909155966944,0.8277784942765821
40000,5,owa,2,results_2.bag,6.0,4.0,0.0,0,1350.0,23.0,22.0,1408.1626018858876,389.3636363636364,323.11586385051027,342.3478260869565,340.995015785442,0.0,0.0,0.0,1.0,0.0,0.7419354838709677,0.8148148148148148,0.7758620689655172,0.19953718359709316,0.4074074074074074,1.0,1.4032408873007969,1.4032408873007969,1.1225927098406374,1.3225927098406376,1.5225927098406373,1.1633334505813782,1.3633334505813783,1.563333450581378,1.204074191322119,1.404074191322119,1.6040741913221188,1.1625001465600562,1.3625001465600561,1.562500146560056,1.203240887300797,1.4032408873007969,1.6032408873007968,1.2439816280415377,1.4439816280415376,1.6439816280415376,1.202407583279475,1.4024075832794747,1.6024075832794749,1.2431483240202155,1.4431483240202154,1.6431483240202154,1.2838890647609562,1.4838890647609562,1.6838890647609561
40000,5,owa,3,results_3.bag,8.0,2.0,0.0,0,1740.0,31.0,27.0,1907.756635835731,587.6296296296297,386.2918534105994,356.1290322580645,329.9217828451146,0.8977056178062356,0.5525191183085918,0.8809185680883821,0.0,0.8687771599618918,1.0,1.0,1.0,0.36528015201882275,0.14447310240902028,0.41946417334084046,0.8569808765641733,0.8569808765641733,0.6855847012513387,0.7694775359195067,0.8533703705876748,0.7000320114922408,0.7839248461604089,0.8678176808285769,0.7144793217331429,0.7983721564013109,0.8822649910694789,0.7586407316551033,0.8425335663232714,0.9264264009914394,0.7730880418960053,0.8569808765641733,0.9408737112323414,0.7875353521369073,0.8714281868050754,0.9553210214732435,0.8316967620588678,0.9155895967270358,0.9994824313952039,0.8461440722997698,0.930036906967938,1.013929741636106,0.8605913825406718,0.9444842172088399,1.028377051877008
40000,5,owa,4,results_4.bag,10.0,0.0,0.0,0,1740.0,31.0,27.0,1944.2297694226033,610.2222222222222,390.8411376400837,361.06451612903226,334.46713196604446,1.0,0.750393612235717,0.944353252327916,0.4104807643282075,0.9322027080253718,1.0,1.0,1.0,0.23850844268417382,0.1251703850220986,0.3936855802169631,0.6947792154121862,0.6947792154121862,0.555823372329749,0.6345604883731416,0.7132976044165342,0.5683404108319589,0.6470775268753515,0.7258146429187441,0.5808574493341687,0.6595945653775612,0.738331681420954,0.6035250608665838,0.6822621769099764,0.760999292953369,0.6160420993687936,0.6947792154121862,0.7735163314555789,0.6285591378710034,0.7072962539143961,0.7860333699577886,0.6512267494034185,0.7299638654468111,0.8087009814902038,0.6637437879056284,0.742480903949021,0.8212180199924136,0.6762608264078382,0.7549979424512308,0.8337350584946235
40000,6,owa,0,results_0.bag,4.0,4.0,2.0,0,1350.0,23.0,22.0,1766.6692292208609,333.1818181818182,285.92716960853215,294.8695652173913,247.80679870852214,0.8148893360160965,0.3213070115724989,0.9978572800005717,0.009945076004750813,1.0,0.9583333333333334,1.0,0.9782608695652174,0.4005220020957824,0.14030649988281907,0.36787944117144233,0.8385546932086343,0.8385546932086343,0.6708437545669075,0.744419642801196,0.8179955310354844,0.6848744045551893,0.7584502927894778,0.8320261810237664,0.6989050545434713,0.7724809427777597,0.8460568310120482,0.7509481549860639,0.8245240432203524,0.8980999314546408,0.7649788049743458,0.8385546932086343,0.9121305814429228,0.7790094549626277,0.8525853431969161,0.9261612314312047,0.8310525554052204,0.9046284436395089,0.9782043318737974,0.8450832053935022,0.9186590936277907,0.9922349818620793,0.8591138553817841,0.9326897436160726,1.006265631850361
40000,6,owa,1,results_1.bag,6.0,2.0,2.0,0,1380.0,24.0,22.0,1668.3818698653336,277.95454545454544,198.47717327614356,311.125,331.2098129847474,0.0,1.0,0.0,1.0,0.0,1.0,1.0,1.0,0.11920292202211755,0.5,1.0,1.3692029220221176,1.3692029220221176,1.095362337617694,1.2953623376176941,1.4953623376176939,1.145362337617694,1.345362337617694,1.545362337617694,1.195362337617694,1.395362337617694,1.595362337617694,1.1192029220221176,1.3192029220221175,1.5192029220221175,1.1692029220221176,1.3692029220221176,1.5692029220221175,1.2192029220221174,1.4192029220221176,1.6192029220221174,1.1430435064265412,1.343043506426541,1.543043506426541,1.193043506426541,1.3930435064265412,1.593043506426541,1.243043506426541,1.443043506426541,1.643043506426541
40000,6,owa,2,results_2.bag,6.0,4.0,0.0,0,1350.0,23.0,22.0,1764.2401839803294,326.3636363636364,286.1149528314909,287.17391304347825,247.84391205571904,0.7142857142857143,0.0,1.0,0.01038563864456799,0.9752862905620954,0.9583333333333334,1.0,0.9782608695652174,0.47667846310647727,0.152608664842631,0.377084382408536,0.9300671779363288,0.9300671779363288,0.744053742349063,0.8194706188307702,0.8948874953124775,0.7593146088333261,0.8347314853150334,0.9101483617967405,0.7745754753175892,0.8499923517992964,0.9254092282810036,0.8393894349703585,0.9148063114520657,0.9902231879337728,0.8546503014546215,0.9300671779363288,1.005484054418036,0.8699111679388847,0.9453280444205918,1.020744920902299,0.9347251275916539,1.010142004073361,1.0855588805550682,0.949985994075917,1.0254028705576241,1.1008197470393313,0.96524686056018,1.0406637370418872,1.1160806135235943
40000,6,owa,3,results_3.bag,8.0,2.0,0.0,0,1350.0,23.0,22.0,1751.7014447258973,334.72727272727275,285.5291131546387,294.82608695652175,246.96901759567717,0.8376928236083167,0.3194917177218069,0.993315215426217,0.0,0.8477140438698558,0.9583333333333334,1.0,0.9782608695652174,0.4032663074156548,0.13811823082774352,0.42839310133272007,0.9007185241622466,0.9007185241622466,0.7205748193297974,0.8062534395963413,0.8919320598628853,0.7343866424125717,0.8200652626791156,0.9057438829456597,0.748198465495346,0.83387708576189,0.9195557060284341,0.8012280808129283,0.8869067010794722,0.9725853213460163,0.8150399038957026,0.9007185241622466,0.9863971444287907,0.828851726978477,0.914530347245021,1.0002089675115649,0.8818813422960592,0.9675599625626032,1.053238582829147,0.8956931653788336,0.9813717856453776,1.0670504059119215,0.9095049884616079,0.9951836087281518,1.0808622289946959
40000,6,owa,4,results_4.bag,10.0,0.0,0.0,0,1350.0,23.0,22.0,1684.7912377868704,345.72727272727275,251.24512443849045,289.9130434782609,287.6497101184447,1.0,0.11436351259360165,0.6021141958420053,0.48290964413241577,0.16695298387436064,0.9583333333333334,1.0,0.9782608695652174,0.34017747503688606,0.16768633422110207,0.8462393972997144,1.2702600394471515,1.2702600394471515,1.0162080315577213,1.1854559110176641,1.354703790477607,1.0329766649798315,1.2022245444397743,1.3714724238997171,1.0497452984019418,1.2189931778618845,1.3882410573218273,1.0842435265650985,1.2534914060250413,1.422739285484984,1.1010121599872087,1.2702600394471515,1.4395079189070943,1.117780793409319,1.2870286728692617,1.4562765523292045,1.1522790215724759,1.3215269010324184,1.4907747804923615,1.169047654994586,1.3382955344545286,1.5075434139144717,1.1858162884166963,1.3550641678766389,1.5243120473365819
50000,3,owa,0,results_0.bag,4.0,4.0,2.0,0,2910.0,49.0,48.0,4349.400610062171,362.7291666666667,320.85701326446474,153.20408163265307,201.1750874644436,0.0,0.0,0.04803865860687107,1.0,1.0,0.98,0.96,0.97,0.2635625929425952,0.4684729386112781,0.36787944117144233,0.8656785034196766,0.8656785034196766,0.6925428027357413,0.7661186909700297,0.8396945792043182,0.7393900965968692,0.8129659848311576,0.886541873065446,0.7862373904579969,0.8598132786922854,0.9333891669265739,0.7452553213242603,0.8188312095585488,0.8924070977928373,0.792102615185388,0.8656785034196766,0.9392543916539651,0.838949909046516,0.9125257972808044,0.9861016855150928,0.7979678399127794,0.8715437281470678,0.9451196163813562,0.8448151337739072,0.9183910220081957,0.9919669102424842,0.8916624276350349,0.9652383158693234,1.038814204103612
50000,3,owa,1,results_1.bag,6.0,2.0,2.0,0,2940.0,48.0,50.0,4266.543461685375,382.84,352.74002451941743,200.77083333333334,172.79544413607783,1.0,1.0,1.0,0.0,0.2840786699378835,0.96,1.0,0.98,0.2581837645151953,0.11920292202211755,0.7527074269303763,1.0704926524566303,1.0704926524566303,0.8563941219653044,1.0069356073513795,1.157477092737455,0.8683144141675161,1.0188558995535915,1.1693973849396666,0.8802347063697278,1.0307761917558032,1.1813176771418783,0.9080308748683434,1.0585723602544186,1.209113845640494,0.9199511670705551,1.0704926524566303,1.2210341378427056,0.9318714592727668,1.0824129446588422,1.2329544300449173,0.9596676277713825,1.1102091131574576,1.260750598543533,0.9715879199735942,1.1221294053596695,1.2726708907457447,0.9835082121758059,1.1340496975618812,1.2845911829479564
50000,3,owa,2,results_2.bag,6.0,4.0,0.0,0,3000.0,50.0,50.0,4233.665619501677,372.56,319.2481064460489,193.5,176.99535909977172,0.48883271868395994,0.8471446320512704,0.0,0.1479904068947908,0.0,1.0,1.0,1.0,0.26989900529074673,0.38016858783103913,1.0,1.4599832992062662,1.4599832992062662,1.1679866393650131,1.367986639365013,1.567986639365013,1.206003498148117,1.406003498148117,1.6060034981481168,1.244020356931221,1.4440203569312209,1.6440203569312208,1.2219664404231625,1.4219664404231624,1.6219664404231624,1.2599832992062663,1.4599832992062662,1.6599832992062662,1.2980001579893703,1.4980001579893703,1.6980001579893702,1.2759462414813116,1.4759462414813118,1.6759462414813115,1.3139631002644157,1.5139631002644156,1.7139631002644156,1.3519799590475197,1.5519799590475194,1.7519799590475196
50000,3,owa,3,results_3.bag,8.0,2.0,0.0,0,3000.0,50.0,50.0,4255.7232710425715,373.04,320.59822653461896,194.26,177.8306704338112,0.5127004516636982,0.8631221788213838,0.04031181748421952,0.17742387525711462,0.1905875780010136,1.0,1.0,1.0,0.26104464615554157,0.36516582231736117,0.8264733736735197,1.2701009309877418,1.2701009309877418,1.0160807447901936,1.1813754195248976,1.3466700942596015,1.0525973270219295,1.2178920017566335,1.3831866764913374,1.0891139092536657,1.2544085839883696,1.4197032587230736,1.068289674021302,1.2335843487560059,1.3988790234907098,1.1048062562530379,1.2701009309877418,1.4353956057224457,1.141322838484774,1.306617513219478,1.4719121879541819,1.1204986032524102,1.2857932779871142,1.4510879527218181,1.1570151854841462,1.32230986021885,1.487604534953554,1.1935317677158823,1.3588264424505863,1.5241211171852902
50000,3,owa,4,results_4.bag,10.0,0.0,0.0,0,3000.0,50.0,50.0,4243.736750530128,374.5,320.5466154135171,195.28,177.93246139006376,0.5852981394770649,0.8845657284339049,0.038770815234398834,0.181010634790164,0.08701889532005688,1.0,1.0,1.0,0.25624524742227095,0.3488565977795365,0.9166597748896825,1.3473333212017218,1.3473333212017218,1.0778666569613775,1.261198611939314,1.4445305669172503,1.1127523167393312,1.2960842717172676,1.479416226695204,1.1476379765172848,1.330969931495221,1.5143018864731577,1.1291157064458317,1.3124476614237681,1.4957796164017045,1.1640013662237854,1.3473333212017218,1.5306652761796582,1.198887026001739,1.3822189809796752,1.5655509359576119,1.180364755930286,1.3636967109082223,1.5470286658861587,1.2152504157082396,1.398582370686176,1.5819143256641124,1.2501360754861932,1.4334680304641294,1.616799985442066
50000,4,owa,0,results_0.bag,4.0,4.0,2.0,0,2640.0,46.0,42.0,3002.2356639175982,582.547619047619,438.787142261148,393.6304347826087,380.3624212479258,1.0,1.0,1.0,1.0,0.0,1.0,0.9130434782608695,1.0,0.11920292202211755,0.10883745054193342,1.0,1.1736216472930843,1.1736216472930843,0.9388973178344675,1.1388973178344675,1.3388973178344674,0.9497810628886608,1.1497810628886607,1.3497810628886606,0.9606648079428541,1.160664807942854,1.360664807942854,0.962737902238891,1.1627379022388908,1.3627379022388908,0.9736216472930843,1.1736216472930843,1.3736216472930842,0.9845053923472776,1.1845053923472775,1.3845053923472777,0.9865784866433145,1.1865784866433144,1.3865784866433144,0.9974622316975078,1.1974622316975077,1.3974622316975078,1.0083459767517011,1.208345976751701,1.408345976751701
50000,4,owa,1,results_1.bag,6.0,2.0,2.0,0,2520.0,41.0,43.0,3226.1814333719353,508.2325581395349,419.6520007957445,307.8780487804878,252.80003907455705,0.0,0.2652012269763444,0.5102637746500416,0.0,0.678876752601469,0.8913043478260869,0.9347826086956522,0.9545454545454546,0.3869023505024557,0.3506665822429657,0.5071863682994697,1.0694220099234082,1.0694220099234082,0.8555376079387267,0.9569748815986207,1.0584121552585146,0.8906042661630234,0.9920415398229172,1.093478813482811,0.9256709243873198,1.0271081980472139,1.1285454717071077,0.9329180780392179,1.0343553516991117,1.1357926253590058,0.9679847362635143,1.0694220099234082,1.1708592835833023,1.003051394487811,1.1044886681477049,1.2059259418075987,1.0102985481397089,1.111735821799603,1.2131730954594968,1.0453652063640055,1.1468024800238994,1.2482397536837935,1.080431864588302,1.1818691382481958,1.28330641190809
50000,4,owa,2,results_2.bag,6.0,4.0,0.0,0,2610.0,43.0,44.0,3248.3230103532337,518.25,414.85268469662816,382.04651162790697,317.7210481724924,0.13479692727232084,0.9007391756928534,0.3874322317062864,0.5089353772784035,0.7459974752441184,0.9347826086956522,0.9565217391304348,0.9886363636363636,0.18348417169902384,0.35614281968995803,0.47426100031975826,0.8358165818637611,0.8358165818637611,0.6686532654910089,0.7635054655549606,0.8583576656189122,0.7042675474600048,0.7991197475239564,0.893971947587908,0.7398818294290006,0.8347340294929522,0.9295862295569038,0.7053500998308138,0.8002022998947653,0.895054499958717,0.7409643817998095,0.8358165818637611,0.9306687819277129,0.7765786637688052,0.8714308638327569,0.9662830638967086,0.7420469341706184,0.8368991342345701,0.9317513342985217,0.7776612161396143,0.8725134162035659,0.9673656162675175,0.8132754981086101,0.9081276981725617,1.0029798982365135
50000,4,owa,3,results_3.bag,8.0,2.0,0.0,0,2610.0,43.0,44.0,3235.8281291434437,518.6590909090909,415.5109459382547,378.51162790697674,313.513983290563,0.14030174559705932,0.8704493103956175,0.40427947458406727,0.47595492637861075,0.7081200712613968,0.9347826086956522,0.9565217391304348,0.9886363636363636,0.19299414878757576,0.3511606700649049,0.49256932282936333,0.8611438066493915,0.8611438066493915,0.6889150453195133,0.7874289098853859,0.8859427744512587,0.7240311123260037,0.8225449768918764,0.9210588414577491,0.7591471793324942,0.857661043898367,0.9561749084642396,0.7275138750770285,0.826027739642901,0.9245416042087737,0.762629942083519,0.8611438066493915,0.9596576712152642,0.7977460090900095,0.896259873655882,0.9947737382217547,0.7661127048345435,0.8646265694004163,0.9631404339662889,0.801228771841034,0.8997426364069068,0.9982565009727794,0.8363448388475245,0.9348587034133972,1.0333725679792698
50000,4,owa,4,results_4.bag,10.0,0.0,0.0,0,2640.0,42.0,46.0,3332.112579861726,529.8913043478261,399.7147998961743,276.92857142857144,302.00197001918775,0.2914449096002174,0.0,0.0,0.3857087811182521,1.0,0.9130434782608695,1.0,1.0,0.3695550323274373,0.42765016613151086,0.36787944117144233,0.9512595565646351,0.9512595565646351,0.761007645251708,0.8345835334859966,0.9081594217202851,0.8037726618648591,0.8773485500991476,0.9509244383334361,0.8465376784780103,0.9201135667122987,0.9936894549465871,0.8349186517171956,0.908494539951484,0.9820704281857724,0.8776836683303466,0.9512595565646351,1.0248354447989236,0.9204486849434976,0.9940245731777861,1.0676004614120747,0.9088296581826829,0.9824055464169714,1.05598143465126,0.9515946747958339,1.0251705630301224,1.098746451264411,0.9943596914089852,1.0679355796432737,1.141511467877562
50000,5,owa,0,results_0.bag,4.0,4.0,2.0,0,2220.0,43.0,31.0,2502.732009646011,675.8387096774194,528.2683091494443,538.7674418604652,530.8537076396177,0.45655631963697035,0.5522026483524239,0.7127734244417633,0.07769344743943253,0.3007041205303556,1.0,0.96875,0.9866666666666667,0.3475340981442664,0.22957065262552054,0.7402967789637275,1.2026162034207541,1.2026162034207541,0.9620929627366034,1.110152318529349,1.2582116743220944,0.9850500279991554,1.1331093837919008,1.2811687395846463,1.0080070932617076,1.156066449054453,1.3041258048471984,1.0315997823654568,1.1796591381582022,1.3277184939509477,1.0545568476280087,1.2026162034207541,1.3506755592134996,1.0775139128905606,1.225573268683306,1.3736326244760515,1.1011066019943099,1.2491659577870553,1.3972253135798007,1.1240636672568618,1.2721230230496072,1.4201823788423527,1.147020732519414,1.2950800883121594,1.4431394441049048
50000,5,owa,1,results_1.bag,6.0,2.0,2.0,0,2250.0,43.0,32.0,2542.058254723676,695.96875,553.1387555242384,525.7674418604652,528.6811910517259,0.7183537444456486,0.0,1.0,0.0,0.7328181466483251,1.0,1.0,1.0,0.5,0.15208333331380391,0.4805528117372802,1.056594478394182,1.056594478394182,0.8452755827153458,0.9413861450628018,1.037496707410258,0.8604839160467261,0.9565944783941822,1.052705040741638,0.8756922493781065,0.9718028117255626,1.0679133740730187,0.9452755827153457,1.0413861450628017,1.1374967074102578,0.9604839160467261,1.056594478394182,1.1527050407416382,0.9756922493781065,1.0718028117255625,1.1679133740730185,1.0452755827153457,1.1413861450628018,1.2374967074102576,1.060483916046726,1.1565944783941822,1.2527050407416382,1.0756922493781065,1.1718028117255626,1.2679133740730184
50000,5,owa,2,results_2.bag,6.0,4.0,0.0,0,2160.0,42.0,30.0,2566.3741954479515,640.7333333333333,466.55050606836096,541.7380952380952,556.643865633587,0.0,0.6783874685419907,0.0,1.0,1.0,0.9767441860465116,0.9375,0.96,0.15365076125745197,0.46875,0.36787944117144233,0.7559052024288944,0.7559052024288944,0.6047241619431154,0.6783000501774039,0.7518759384116924,0.6515991619431154,0.7251750501774039,0.7987509384116924,0.6984741619431154,0.7720500501774039,0.8456259384116924,0.6354543141946059,0.7090302024288944,0.7826060906631828,0.6823293141946059,0.7559052024288944,0.8294810906631828,0.7292043141946059,0.8027802024288944,0.8763560906631828,0.6661844664460963,0.7397603546803847,0.8133362429146731,0.7130594664460963,0.7866353546803847,0.8602112429146731,0.7599344664460963,0.8335103546803847,0.9070862429146731
50000,5,owa,3,results_3.bag,8.0,2.0,0.0,0,2220.0,42.0,32.0,2545.8912867254367,717.625,542.2710755285024,549.3095238095239,537.9181861854422,1.0,1.0,0.874490129272404,0.3303330340119958,0.7749352337805663,0.9767441860465116,1.0,0.9866666666666667,0.20424139252028142,0.1330230315186964,0.4607336200074094,0.7314865282870391,0.7314865282870391,0.5851892226296312,0.6773359466311131,0.769482670632595,0.5984915257815009,0.6906382497829828,0.7827849737844647,0.6117938289333705,0.7039405529348524,0.7960872769363343,0.6260375011336875,0.7181842251351693,0.8103309491366513,0.6393398042855571,0.7314865282870391,0.8236332522885209,0.6526421074374268,0.7447888314389086,0.8369355554403906,0.6668857796377439,0.7590325036392257,0.8511792276407075,0.6801880827896134,0.7723348067910953,0.8644815307925773,0.6934903859414832,0.785637109942965,0.8777838339444468
50000,5,owa,4,results_4.bag,10.0,0.0,0.0,0,2220.0,42.0,32.0,2475.3652424848547,717.34375,541.9297424631065,548.1428571428571,538.322216114447,0.9963422564213721,0.9504433520709331,0.8705481040260136,0.3447819354510181,0.0,0.9767441860465116,1.0,0.9866666666666667,0.20997039480702415,0.133901943936634,1.0,1.2769213667753412,1.2769213667753412,1.021537093420273,1.221537093420273,1.421537093420273,1.0349272878139364,1.2349272878139363,1.4349272878139363,1.0483174822075998,1.2483174822075997,1.4483174822075997,1.0635311723816778,1.2635311723816778,1.4635311723816777,1.0769213667753412,1.2769213667753412,1.4769213667753411,1.0903115611690046,1.2903115611690046,1.4903115611690045,1.1055252513430827,1.3055252513430826,1.5055252513430826,1.118915445736746,1.318915445736746,1.518915445736746,1.1323056401304095,1.3323056401304094,1.5323056401304094
50000,6,owa,0,results_0.bag,4.0,4.0,2.0,0,1920.0,33.0,31.0,1913.772951898822,530.9354838709677,393.11261622117655,308.030303030303,313.8881652802958,0.4256231432123213,0.3808794262325859,0.0,0.4554411551532914,0.0,0.9166666666666666,1.0,1.0,0.27711775437803177,0.395171967426701,1.0,1.4747037380913823,1.4747037380913823,1.179762990473106,1.3797629904731057,1.5797629904731059,1.219280187215776,1.4192801872157759,1.6192801872157758,1.258797383958446,1.458797383958446,1.658797383958446,1.2351865413487122,1.4351865413487122,1.635186541348712,1.2747037380913824,1.4747037380913823,1.6747037380913823,1.3142209348340526,1.5142209348340523,1.7142209348340525,1.2906100922243184,1.4906100922243186,1.6906100922243184,1.3301272889669886,1.5301272889669886,1.7301272889669885,1.3696444857096588,1.5696444857096588,1.7696444857096587
50000,6,owa,1,results_1.bag,6.0,2.0,2.0,0,1860.0,35.0,27.0,2156.3254211991307,571.8888888888889,505.09742649949254,253.14285714285714,210.19768606454917,0.7867406923579365,0.0,0.8029433245309194,0.0,0.3963073884341828,0.9722222222222222,0.8709677419354839,0.96875,0.4861111111111111,0.1475666345507767,0.6727998532550805,1.23269428164158,1.23269428164158,0.9861554253132641,1.1207153959642802,1.2552753666152963,1.0009120887683416,1.1354720594193577,1.2700320300703738,1.0156687522234193,1.1502287228744354,1.2847886935254516,1.0833776475354862,1.2179376181865023,1.3524975888375184,1.098134310990564,1.23269428164158,1.3672542522925961,1.1128909744456417,1.2474509450966575,1.3820109157476739,1.1805998697577085,1.3151598404087244,1.4497198110597407,1.195356533212786,1.3299165038638021,1.4644764745148182,1.2101131966678635,1.3446731673188799,1.4792331379698958
50000,6,owa,2,results_2.bag,6.0,4.0,0.0,0,1890.0,36.0,27.0,2144.3705360974836,482.6666666666667,417.28075772701374,274.30555555555554,251.25625160034122,0.0,0.1468539171141401,0.1732882150731133,0.18034211682685003,0.37677425687163213,1.0,0.8709677419354839,0.984375,0.41892302728784964,0.3978458977982532,0.6860709322147823,1.3039169084017586,1.3039169084017586,1.043133526721407,1.1803477131643634,1.3175618996073197,1.0829181165012323,1.2201323029441888,1.3573464893871452,1.1227027062810575,1.2599168927240139,1.3971310791669704,1.1269181321789767,1.2641323186219333,1.4013465050648897,1.166702721958802,1.3039169084017586,1.4411310948447151,1.2064873117386274,1.3437014981815838,1.4809156846245404,1.2107027376365467,1.3479169240795033,1.4851311105224596,1.250487327416372,1.3877015138593283,1.5249157003022848,1.2902719171961974,1.4274861036391537,1.56470029008211
50000,6,owa,3,results_3.bag,8.0,2.0,0.0,0,1890.0,32.0,31.0,2011.283629615284,590.2903225806451,460.97824920115175,332.65625,370.26491034210244,0.9490002317692422,0.5517657992565056,0.4866040030867295,0.7030655280844619,0.1593230616935599,0.8888888888888888,1.0,0.984375,0.19721327422779505,0.19222698109700986,0.8527208330291373,1.1460475978054372,1.1460475978054372,0.9168380782443499,1.0873822448501773,1.2579264114560047,0.9360607763540508,1.106604942959878,1.2771491095657057,0.9552834744637518,1.1258276410695793,1.2963718076754067,0.9562807330899089,1.1268248996957362,1.2973690663015638,0.9755034311996098,1.1460475978054372,1.3165917644112648,0.9947261293093108,1.1652702959151382,1.3358144625209656,0.9957233879354679,1.1662675545412953,1.3368117211471229,1.014946086045169,1.1854902526509963,1.3560344192568237,1.03416878415487,1.2047129507606973,1.3752571173665247
50000,6,owa,4,results_4.bag,10.0,0.0,0.0,0,1890.0,36.0,27.0,2525.804108468064,596.074074074074,532.5805049961878,397.25,437.86810636472325,1.0,1.0,1.0,1.0,1.0,1.0,0.8709677419354839,0.984375,0.11920292202211755,0.10382189982571528,0.36787944117144233,0.5389933131064175,0.5389933131064175,0.43119465048513406,0.5047705387194225,0.578346426953711,0.44157684046770557,0.515152728701994,0.5887286169362824,0.4519590304502771,0.5255349186845655,0.599110806918854,0.45503523488955755,0.528611123123846,0.6021870113581345,0.46541742487212906,0.5389933131064175,0.612569201340706,0.47579961485470057,0.5493755030889891,0.6229513913232775,0.47887581929398104,0.5524517075282696,0.626027595762558,0.48925800927655255,0.562833897510841,0.6364097857451294,0.49964019925912406,0.5732160874934126,0.646791975727701
60000,3,owa,0,results_0.bag,4.0,4.0,2.0,0,3480.0,57.0,59.0,5005.386959161966,431.76271186440675,324.6415709980858,306.280701754386,276.3904946154706,0.39429337418613414,1.0,0.5926280534554557,0.4545571064062574,1.0,0.95,1.0,0.9830508474576272,0.1798361528362837,0.27152058200962254,0.36787944117144233,0.6834758850125373,0.6834758850125373,0.5467807080100299,0.6203565962443183,0.6939324844786068,0.5739327662109921,0.6475086544452806,0.7210845426795691,0.6010848244119544,0.6746607126462428,0.7482366008805312,0.5827479385772867,0.6563238268115751,0.7298997150458635,0.6098999967782488,0.6834758850125373,0.7570517732468258,0.6370520549792111,0.7106279432134995,0.7842038314477879,0.6187151691445434,0.6922910573788318,0.7658669456131202,0.6458672273455055,0.719443115579794,0.7930190038140825,0.6730192855464678,0.7465951737807563,0.8201710620150447
60000,3,owa,1,results_1.bag,6.0,2.0,2.0,0,3540.0,60.0,58.0,4920.598025658704,446.55172413793105,327.12759313447964,290.8833333333333,281.76466269076917,1.0,0.0,1.0,0.707023319165453,0.0,1.0,0.9830508474576272,1.0,0.33025691114954625,0.11718253351326811,1.0,1.3888481779061803,1.3888481779061803,1.1110785423249443,1.3110785423249443,1.5110785423249442,1.1227967956762712,1.322796795676271,1.5227967956762711,1.134515049027598,1.3345150490275979,1.5345150490275978,1.1771299245548534,1.3771299245548536,1.5771299245548533,1.1888481779061804,1.3888481779061803,1.5888481779061803,1.2005664312575073,1.400566431257507,1.6005664312575072,1.2431813067847628,1.4431813067847628,1.6431813067847627,1.2548995601360895,1.4548995601360897,1.6548995601360894,1.2666178134874164,1.4666178134874164,1.6666178134874163
60000,3,owa,2,results_2.bag,6.0,4.0,0.0,0,3510.0,58.0,59.0,4970.607377674933,439.33898305084745,321.02500762882306,298.5689655172414,288.00116423186745,0.7045911528150125,0.49915232095113027,0.0,1.0,0.589809895583896,0.9666666666666667,1.0,0.9915254237288136,0.17646691995973163,0.33079509733965134,0.5544326748165447,0.896297143446102,0.896297143446102,0.7170377147568816,0.8279242497201905,0.9388107846834994,0.7501172244908467,0.8610037594541556,0.9718902944174646,0.7831967342248118,0.8940832691881208,1.0049698041514297,0.752331098748828,0.8632176337121369,0.9741041686754458,0.7854106084827931,0.896297143446102,1.0071836784094108,0.8184901182167582,0.9293766531800671,1.040263188143376,0.7876244827407742,0.8985110177040831,1.0093975526673922,0.8207039924747394,0.9315905274380483,1.0424770624013573,0.8537835022087045,0.9646700371720134,1.0755565721353224
60000,3,owa,3,results_3.bag,8.0,2.0,0.0,0,3540.0,59.0,59.0,4950.93627751307,422.135593220339,323.55293004215895,294.3898305084746,267.06992607188056,0.0,0.2277335372677616,0.4142379342317642,0.016697960954815926,0.35780909843852937,0.9833333333333333,1.0,1.0,0.43187465888122406,0.3978963806906082,0.6992065418872391,1.3300293911137673,1.3300293911137673,1.0640235128910138,1.2038648212684615,1.3437061296459094,1.1038131509600748,1.2436544593375225,1.3834957677149702,1.1436027890291354,1.2834440974065833,1.4232854057840312,1.1503984446672586,1.2902397530447063,1.4300810614221542,1.1901880827363196,1.3300293911137673,1.469870699491215,1.2299777208053801,1.369819029182828,1.509660337560276,1.2367733764435034,1.3766146848209513,1.5164559931983992,1.2765630145125644,1.416404322890012,1.5562456312674597,1.316352652581625,1.4561939609590728,1.5960352693365207
60000,3,owa,4,results_4.bag,10.0,0.0,0.0,0,3510.0,59.0,58.0,4931.571160751221,425.41379310344826,323.96691592418836,293.271186440678,266.7144818811304,0.13426369207200195,0.15508189724678986,0.48207571899457957,0.0,0.12941706705268818,0.9833333333333333,0.9830508474576272,0.9915254237288136,0.4536185923122052,0.3446718345195267,0.8786074509002877,1.5045619604722562,1.5045619604722562,1.2036495683778052,1.3793710585578625,1.5550925487379201,1.2381167518297578,1.4138382420098152,1.5895597321898727,1.2725839352817103,1.448305425461768,1.6240269156418252,1.294373286840246,1.4700947770203037,1.645816267200361,1.3288404702921988,1.5045619604722562,1.6802834506523137,1.3633076537441515,1.5390291439242088,1.7147506341042664,1.3850970053026872,1.5608184954827447,1.736539985662802,1.4195641887546397,1.5952856789346974,1.7710071691147546,1.4540313722065925,1.62975286238665,1.8054743525667074
60000,4,owa,0,results_0.bag,4.0,4.0,2.0,0,3150.0,55.0,50.0,4171.109135822527,543.8,342.30449507264547,334.5272727272727,323.30904001208404,0.0,0.6358053849787425,0.0,0.1908410911696984,1.0,1.0,0.9615384615384616,0.9813084112149533,0.30435462172138017,0.4807692307692308,0.36787944117144233,0.9126186782774379,0.9126186782774379,0.7300949426219503,0.8036708308562388,0.8772467190905273,0.7781718656988734,0.8517477539331619,0.9253236421674503,0.8262487887757965,0.899824677010085,0.9734005652443734,0.7909658669662263,0.8645417552005148,0.9381176434348033,0.8390427900431494,0.9126186782774379,0.9861945665117264,0.8871197131200725,0.9606956013543609,1.0342714895886493,0.8518367913105025,0.9254126795447909,0.9989885677790793,0.8999137143874254,0.9734896026217139,1.0470654908560024,0.9479906374643485,1.021566525698637,1.0951424139329256
60000,4,owa,1,results_1.bag,6.0,2.0,2.0,0,3210.0,55.0,52.0,4102.32092812858,573.0,402.55166517759545,310.05454545454546,306.3053679764337,1.0,0.0,1.0,0.0,0.7393323973174163,1.0,1.0,1.0,0.5,0.11920292202211755,0.4774325443978465,1.0370340054089053,1.0370340054089053,0.8296272043271242,0.9251137132066936,1.0206002220862629,0.841547496529336,0.9370340054089052,1.0325205142884746,0.8534677887315478,0.948954297611117,1.0444408064906863,0.9296272043271242,1.0251137132066934,1.1206002220862628,0.941547496529336,1.0370340054089053,1.1325205142884744,0.9534677887315477,1.048954297611117,1.1444408064906861,1.0296272043271242,1.1251137132066935,1.2206002220862628,1.0415474965293359,1.1370340054089052,1.2325205142884745,1.0534677887315476,1.148954297611117,1.2444408064906862
60000,4,owa,2,results_2.bag,6.0,4.0,0.0,0,3150.0,55.0,50.0,4046.524984786298,557.5,347.91303452419936,342.8545454545455,327.70483660248277,0.46917808219178164,0.8521492678318376,0.09309216419267284,0.2401774119428159,0.5278979774070137,1.0,0.9615384615384616,0.9813084112149533,0.25118040266853786,0.3490599340494535,0.589843531909811,1.0155539016030755,1.0155539016030755,0.8124431212824605,0.9304118276644227,1.0483805340463848,0.8473491146874059,0.965317821069368,1.0832865274513304,0.8822551080923513,1.0002238144743134,1.1181925208562755,0.8626792018161681,0.9806479081981303,1.0986166145800924,0.8975851952211134,1.0155539016030755,1.1335226079850378,0.9324911886260587,1.050459895008021,1.1684286013899832,0.9129152823498756,1.0308839887318377,1.1488526951138,0.947821275754821,1.065789982136783,1.1837586885187452,0.9827272691597664,1.1006959755417285,1.2186646819236908
60000,4,owa,3,results_3.bag,8.0,2.0,0.0,0,3150.0,55.0,50.0,4122.1089860697675,553.08,346.07642425997676,338.72727272727275,325.7498162101443,0.31780821917808466,0.7449220595181864,0.0626075744430922,0.21823519709941955,0.8143177152693382,1.0,0.9615384615384616,0.9813084112149533,0.27624650502104575,0.39041020828445006,0.44294143646609513,0.9143930456293659,0.9143930456293659,0.7315144365034928,0.8201027237967118,0.9086910110899309,0.7705554573319378,0.8591437446251569,0.9477320319183759,0.8095964781603828,0.8981847654536017,0.9867730527468208,0.7867637375077019,0.875352024800921,0.96394031209414,0.825804758336147,0.9143930456293659,1.002981332922585,0.8648457791645918,0.9534340664578109,1.04202235375103,0.8420130385119111,0.93060132580513,1.019189613098349,0.8810540593403562,0.9696423466335751,1.0582306339267942,0.920095080168801,1.0086833674620201,1.097271654755239
60000,4,owa,4,results_4.bag,10.0,0.0,0.0,0,3210.0,55.0,52.0,3907.2167035216453,545.4615384615385,391.28553645735997,348.54545454545456,395.40395744389,0.05690200210748273,1.0,0.8130015285264022,1.0,0.0,1.0,1.0,1.0,0.11920292202211755,0.295274375666826,1.0,1.2668401098555306,1.2668401098555306,1.0134720878844246,1.2134720878844245,1.4134720878844245,1.042999525451107,1.242999525451107,1.442999525451107,1.0725269630177898,1.2725269630177896,1.4725269630177897,1.037312672288848,1.237312672288848,1.4373126722888478,1.0668401098555305,1.2668401098555306,1.4668401098555304,1.0963675474222132,1.2963675474222132,1.4963675474222131,1.0611532566932715,1.2611532566932715,1.4611532566932715,1.090680694259954,1.290680694259954,1.490680694259954,1.1202081318266366,1.3202081318266368,1.5202081318266365
60000,5,owa,0,results_0.bag,4.0,4.0,2.0,0,2460.0,49.0,33.0,3113.206378007697,350.6363636363636,268.11609171469667,322.40816326530614,274.1068768418129,0.0,0.0,0.0,0.0,0.7390308507526291,1.0,0.8048780487804879,0.9213483146067416,0.5,0.4024390243902439,0.47757653425025887,1.1787960464453808,1.1787960464453808,0.9430368371563047,1.0385521440063565,1.1340674508564081,0.9832807395953291,1.078796046445381,1.1743113532954328,1.0235246420343533,1.1190399488844052,1.214555255734457,1.0430368371563046,1.1385521440063564,1.2340674508564082,1.083280739595329,1.1787960464453808,1.2743113532954324,1.1235246420343534,1.2190399488844053,1.314555255734457,1.1430368371563047,1.2385521440063565,1.3340674508564083,1.183280739595329,1.278796046445381,1.3743113532954325,1.2235246420343535,1.3190399488844051,1.414555255734457
60000,5,owa,1,results_1.bag,6.0,2.0,2.0,0,2670.0,48.0,41.0,2930.7786683824374,528.2926829268292,498.6893443769597,347.875,352.37169839501473,0.7318236522366994,0.3308258218451747,0.6499875514299152,0.39085509995772344,0.0,0.9795918367346939,1.0,1.0,0.3203490023924423,0.20071827002478457,1.0,1.4207081374048345,1.4207081374048345,1.1365665099238678,1.3365665099238677,1.5365665099238677,1.1566383369263462,1.3566383369263462,1.5566383369263461,1.1767101639288247,1.3767101639288246,1.5767101639288246,1.200636310402356,1.4006363104023563,1.600636310402356,1.2207081374048347,1.4207081374048345,1.6207081374048347,1.240779964407313,1.4407799644073132,1.6407799644073129,1.2647061108808446,1.4647061108808446,1.6647061108808445,1.284777937883323,1.484777937883323,1.684777937883323,1.3048497648858015,1.5048497648858015,1.7048497648858014
60000,5,owa,2,results_2.bag,6.0,4.0,0.0,0,2610.0,49.0,38.0,3037.5898397633014,593.3947368421053,622.8509664904093,399.38775510204084,474.3468674717607,1.0,1.0,1.0,1.0,0.4327015397914908,1.0,0.926829268292683,0.9775280898876404,0.11920292202211755,0.11048075699610896,0.6487540901938617,0.8231973907140337,0.8231973907140337,0.658557912571227,0.7883087306099993,0.9180595486487716,0.6696059882708378,0.7993568063096101,0.9291076243483825,0.6806540639704488,0.8104048820092211,0.9401557000479934,0.6823984969756505,0.8121493150144228,0.9419001330531951,0.6934465726752614,0.8231973907140337,0.9529482087528061,0.7044946483748722,0.8342454664136445,0.9639962844524168,0.706239081380074,0.8359898994188463,0.9657407174576186,0.7172871570796848,0.8470379751184571,0.9767887931572294,0.7283352327792958,0.8580860508180681,0.9878368688568404
60000,5,owa,3,results_3.bag,8.0,2.0,0.0,0,2520.0,44.0,40.0,3177.625886518832,514.0,507.38697111922227,393.59090909090907,421.7078410122906,0.6729474835670571,0.924696327002795,0.6745062197671116,0.7371203110134514,1.0,0.8979591836734694,0.975609756097561,0.9438202247191011,0.14324090952559831,0.20125558236849694,0.36787944117144233,0.6117481418812891,0.6117481418812891,0.48939851350503133,0.5629744017393198,0.6365502899736082,0.509524071741881,0.5830999599761695,0.656675848210458,0.5296496299787308,0.6032255182130192,0.6768014064473076,0.518046695410151,0.5916225836444394,0.6651984718787278,0.5381722536470006,0.6117481418812891,0.6853240301155776,0.5582978118838504,0.6318737001181388,0.7054495883524272,0.5466948773152707,0.6202707655495591,0.6938466537838475,0.5668204355521202,0.6403963237864088,0.7139722120206973,0.58694599378897,0.6605218820232585,0.7340977702575469
60000,5,owa,4,results_4.bag,10.0,0.0,0.0,0,2610.0,47.0,40.0,3038.133745070177,566.2,496.7040701799546,364.27659574468083,354.2940133823797,0.8879761118721237,0.5438900295570943,0.644391050104072,0.4004551552779292,0.43490494848688577,0.9591836734693877,0.975609756097561,0.9775280898876404,0.2685939422243786,0.17331473726675234,0.6473261934880686,1.0025775043458234,1.0025775043458234,0.8020620034766588,0.9315272421742724,1.0609924808718862,0.819393477203334,0.9488587159009477,1.0783239545985615,0.8367249509300092,0.9661901896276229,1.0956554283252367,0.8557807919215344,0.9852460306191482,1.114711269316762,0.8731122656482097,1.0025775043458234,1.1320427430434372,0.890443739374885,1.0199089780724986,1.1493742167701124,0.9094995803664101,1.038964819064024,1.1684300577616376,0.9268310540930854,1.0562962927906991,1.1857615314883128,0.9441625278197606,1.0736277665173743,1.203093005214988
60000,6,owa,0,results_0.bag,4.0,4.0,2.0,0,2400.0,39.0,41.0,2810.1858511240166,698.609756097561,461.02640260883004,396.2564102564103,430.2669745236346,0.10501578200162676,0.05209242260305065,0.02789029818865753,0.0664285022699241,0.8877262986345091,0.8666666666666667,1.0,0.963855421686747,0.4076838179269918,0.4668223032226105,0.4115905235902821,1.0526854931285792,1.0526854931285792,0.8421483945028634,0.9244664992209197,1.0067846039389763,0.8888306248251244,0.9711487295431809,1.0534668342612372,0.9355128551473854,1.0178309598654418,1.1001490645834981,0.9236851580882617,1.006003262806318,1.0883213675243746,0.9703673884105227,1.0526854931285792,1.1350035978466355,1.0170496187327838,1.09936772345084,1.1816858281688964,1.0052219216736602,1.0875400263917165,1.1698581311097729,1.0519041519959211,1.1342222567139775,1.2165403614320338,1.098586382318182,1.1809044870362386,1.263222591754295
60000,6,owa,1,results_1.bag,6.0,2.0,2.0,0,2400.0,39.0,41.0,2838.9386197475337,687.0487804878048,458.3658446710178,388.64102564102564,426.66043981623557,0.0429490978759769,0.013219433876653528,0.01204978356001551,0.03647105541802195,1.0,0.8666666666666667,1.0,0.963855421686747,0.4225692753964206,0.48625374452727943,0.36787944117144233,1.0335755888315026,1.0335755888315026,0.8268604710652021,0.9004363592994906,0.9740122475337791,0.87548584551793,0.9490617337522185,1.022637621986507,0.924111219970658,0.9976871082049464,1.0712629964392348,0.9113743261444862,0.9849502143787747,1.0585261026130632,0.9599997005972141,1.0335755888315026,1.107151477065791,1.0086250750499421,1.0822009632842304,1.155776851518519,0.9958881812237703,1.0694640694580588,1.1430399576923471,1.0445135556764982,1.1180894439107867,1.1916653321450752,1.093138930129226,1.1667148183635145,1.240290706597803
60000,6,owa,2,results_2.bag,6.0,4.0,0.0,0,2490.0,45.0,38.0,2582.8433073651922,865.3157894736842,617.4368161246271,581.9555555555555,488.55501018800123,1.0,1.0,0.9591316021860617,0.5505942935860835,0.0,1.0,0.926829268292683,1.0,0.17500045028082784,0.11452000577265764,1.0,1.2322604531671566,1.2322604531671566,0.9858083625337254,1.1858083625337255,1.3858083625337252,0.9972603631109911,1.197260363110991,1.397260363110991,1.008712363688257,1.2087123636882569,1.4087123636882568,1.020808452589891,1.2208084525898908,1.420808452589891,1.0322604531671566,1.2322604531671566,1.4322604531671566,1.0437124537444225,1.2437124537444224,1.4437124537444224,1.0558085426460564,1.2558085426460566,1.4558085426460563,1.0672605432233222,1.2672605432233222,1.4672605432233221,1.078712543800588,1.278712543800588,1.478712543800588
60000,6,owa,3,results_3.bag,8.0,2.0,0.0,0,2400.0,39.0,41.0,2799.0932455633133,679.0487804878048,456.3419743580198,386.05128205128204,422.2697409749484,0.0,0.0,0.0,0.0,0.8444119347068225,0.8666666666666667,1.0,0.963855421686747,0.43333333333333335,0.5,0.4298100402740258,1.1131433736073593,1.1131433736073593,0.8905146988858873,0.9764767069406924,1.0624387149954977,0.9405146988858873,1.0264767069406924,1.1124387149954975,0.9905146988858874,1.0764767069406926,1.1624387149954978,0.977181365552554,1.063143373607359,1.1491053816621641,1.0271813655525541,1.1131433736073593,1.1991053816621644,1.077181365552554,1.163143373607359,1.2491053816621642,1.0638480322192208,1.149810040274026,1.235772048328831,1.1138480322192206,1.1998100402740257,1.2857720483288309,1.1638480322192208,1.249810040274026,1.3357720483288311
60000,6,owa,4,results_4.bag,10.0,0.0,0.0,0,2430.0,44.0,37.0,2825.151988053158,858.6756756756756,624.301033781605,571.4090909090909,542.6583283344892,0.9643516378227133,0.9461652139700026,1.0,1.0,0.9461660130904992,0.9777777777777777,0.9024390243902439,0.9759036144578314,0.12219494705562312,0.11099717688775469,0.38822662955316056,0.5659201650526611,0.5659201650526611,0.4527361320421288,0.5303814579527609,0.608026783863393,0.4638358497309043,0.5414811756415364,0.6191265015521685,0.4749355674196798,0.5525808933303119,0.630226219240944,0.47717512145325347,0.5548204473638856,0.6324657732745177,0.4882748391420289,0.5659201650526611,0.6435654909632931,0.4993745568308044,0.5770198827414366,0.6546652086520686,0.5016141108643781,0.5792594367750101,0.6569047626856424,0.5127138285531535,0.5903591544637856,0.6680044803744177,0.523813546241929,0.6014588721525611,0.6791041980631932
