area,auv_count,utility,w1,w2,w3
15000,3,1.36787944117144,4,4,2
25000,3,1.31498446025983,6,4,0
35000,3,1.28895312356161,8,2,0
