area,auv_count,utility,w1,w2,w3
15000,4,2,8,2,0
25000,4,1.501537866097,4,4,2
35000,4,1.91480702143898,6,2,2
