area,auv_count,utility,w1,w2,w3
15000,5,1.625707204737,6,2,2
25000,5,1.43823343504211,10,0,0
35000,5,1.28336440687217,8,2,0
