area,auv_count,utility,w1,w2,w3
15000,6,1.64350325694225,6,4,0
25000,6,1.54092524680375,6,4,0
35000,6,1.7238608984395,4,4,2
